candidate_id,family_topic,family_category,template_id,mutation_depth,score,health_score,convergence_score,novelty_score,family_fit_score,stability_score,overfit_risk,coupling_risk,decision,expression,source_doc,mutations
e261d662628b6140,fundamental_model_slow_ratio_equity_cap_structural_follow_up,fundamental,group+window,2,58.13,100.0,68.62,20.4,69.3,76.0,14.31,0.0,review,"group_rank(ts_mean(shareholders_equity_total_2/cap, 252), subindustry)",runs/expression-families/2026-04-23-fundamental-model-slow-ratio-equity-cap-structural-follow-up.md,group[industry->subindustry] | ts_mean[63->252]
e8dd4863a27e97c8,fundamental_model_slow_ratio_equity_cap_structural_follow_up,fundamental,group+window,2,58.13,100.0,68.62,20.4,69.3,76.0,14.31,0.0,review,"group_rank(ts_mean(shareholders_equity_total_2/cap, 504), subindustry)",runs/expression-families/2026-04-23-fundamental-model-slow-ratio-equity-cap-structural-follow-up.md,group[industry->subindustry] | ts_mean[63->504]
88837f86709e4b6b,fundamental_model_slow_ratio_equity_cap_structural_follow_up,fundamental,window,1,57.9,100.0,64.8,21.31,70.79,76.0,13.8,0.0,review,"group_rank(ts_mean(shareholders_equity_total_2/cap, 504), industry)",runs/expression-families/2026-04-23-fundamental-model-slow-ratio-equity-cap-structural-follow-up.md,ts_mean[63->504]
052e40135e78f02e,fundamental_model_slow_ratio_equity_cap_structural_follow_up,fundamental,group+window,2,57.88,100.0,67.81,20.02,69.62,76.0,14.68,0.0,review,"group_rank(ts_mean(shareholders_equity_total_2/cap, 10), subindustry)",runs/expression-families/2026-04-23-fundamental-model-slow-ratio-equity-cap-structural-follow-up.md,group[industry->subindustry] | ts_mean[63->10]
0ea5f33dd3f4bf94,fundamental_model_slow_ratio_equity_cap_structural_follow_up,fundamental,group+window,2,57.88,100.0,67.81,20.02,69.62,76.0,14.68,0.0,review,"group_rank(ts_mean(shareholders_equity_total_2/cap, 21), subindustry)",runs/expression-families/2026-04-23-fundamental-model-slow-ratio-equity-cap-structural-follow-up.md,group[industry->subindustry] | ts_mean[63->21]
1602b38fa8f12097,fundamental_model_slow_ratio_equity_cap_structural_follow_up,fundamental,group+window,2,57.88,100.0,67.81,20.02,69.62,76.0,14.68,0.0,review,"group_rank(ts_mean(shareholders_equity_total_2/cap, 81), subindustry)",runs/expression-families/2026-04-23-fundamental-model-slow-ratio-equity-cap-structural-follow-up.md,group[industry->subindustry] | ts_mean[63->81]
3d13e7d2cece271b,fundamental_model_slow_ratio_equity_cap_structural_follow_up,fundamental,group+window,2,57.88,100.0,67.81,20.02,69.62,76.0,14.68,0.0,review,"group_rank(ts_mean(shareholders_equity_total_2/cap, 90), subindustry)",runs/expression-families/2026-04-23-fundamental-model-slow-ratio-equity-cap-structural-follow-up.md,group[industry->subindustry] | ts_mean[63->90]
6e113fb0b59eee42,fundamental_model_slow_ratio_equity_cap_structural_follow_up,fundamental,group+window,2,57.88,100.0,67.81,20.02,69.62,76.0,14.68,0.0,review,"group_rank(ts_mean(shareholders_equity_total_2/cap, 84), subindustry)",runs/expression-families/2026-04-23-fundamental-model-slow-ratio-equity-cap-structural-follow-up.md,group[industry->subindustry] | ts_mean[63->84]
affe75b0214e1fa2,fundamental_model_slow_ratio_equity_cap_structural_follow_up,fundamental,group+window,2,57.88,100.0,67.81,20.02,69.62,76.0,14.68,0.0,review,"group_rank(ts_mean(shareholders_equity_total_2/cap, 78), subindustry)",runs/expression-families/2026-04-23-fundamental-model-slow-ratio-equity-cap-structural-follow-up.md,group[industry->subindustry] | ts_mean[63->78]
db742fbf7fcf2cff,fundamental_model_slow_ratio_equity_cap_structural_follow_up,fundamental,group+window,2,57.88,100.0,67.81,20.02,69.62,76.0,14.68,0.0,review,"group_rank(ts_mean(shareholders_equity_total_2/cap, 72), subindustry)",runs/expression-families/2026-04-23-fundamental-model-slow-ratio-equity-cap-structural-follow-up.md,group[industry->subindustry] | ts_mean[63->72]
e7e8cf4052756a89,fundamental_model_slow_ratio_equity_cap_structural_follow_up,fundamental,group+window,2,57.88,100.0,67.81,20.02,69.62,76.0,14.68,0.0,review,"group_rank(ts_mean(shareholders_equity_total_2/cap, 20), subindustry)",runs/expression-families/2026-04-23-fundamental-model-slow-ratio-equity-cap-structural-follow-up.md,group[industry->subindustry] | ts_mean[63->20]
142afc4023f7c20d,fundamental_model_slow_ratio_equity_cap_structural_follow_up,fundamental,window,1,57.87,100.0,63.95,20.92,71.12,76.0,13.02,0.0,review,"group_rank(ts_mean(shareholders_equity_total_2/cap, 78), industry)",runs/expression-families/2026-04-23-fundamental-model-slow-ratio-equity-cap-structural-follow-up.md,ts_mean[63->78]
ecf4c4cdd74ea3da,fundamental_model_slow_ratio_equity_cap_structural_follow_up,fundamental,window,1,57.87,100.0,63.95,20.92,71.12,76.0,13.02,0.0,review,"group_rank(ts_mean(shareholders_equity_total_2/cap, 84), industry)",runs/expression-families/2026-04-23-fundamental-model-slow-ratio-equity-cap-structural-follow-up.md,ts_mean[63->84]
55d70b5a4e09386a,fundamental_model_slow_ratio_equity_cap_structural_follow_up,fundamental,window,1,57.72,100.0,63.95,20.92,71.12,76.0,13.8,0.0,review,"group_rank(ts_mean(shareholders_equity_total_2/cap, 90), industry)",runs/expression-families/2026-04-23-fundamental-model-slow-ratio-equity-cap-structural-follow-up.md,ts_mean[63->90]
6f5832078f1176be,fundamental_model_slow_ratio_equity_cap_structural_follow_up,fundamental,group+window,2,57.69,100.0,66.9,20.4,69.97,76.0,15.37,0.0,review,"group_rank(ts_mean(shareholders_equity_total_2/cap, 126), subindustry)",runs/expression-families/2026-04-23-fundamental-model-slow-ratio-equity-cap-structural-follow-up.md,group[industry->subindustry] | ts_mean[63->126]
08c078f1faef56fc,fundamental_model_slow_ratio_equity_cap_structural_follow_up,fundamental,window,1,57.66,100.0,63.95,20.92,71.12,76.0,14.08,0.0,review,"group_rank(ts_mean(shareholders_equity_total_2/cap, 81), industry)",runs/expression-families/2026-04-23-fundamental-model-slow-ratio-equity-cap-structural-follow-up.md,ts_mean[63->81]
d3d547dfc52130f1,fundamental_model_slow_ratio_equity_cap_structural_follow_up,fundamental,window,1,57.66,100.0,63.95,20.92,71.12,76.0,14.08,0.0,review,"group_rank(ts_mean(shareholders_equity_total_2/cap, 72), industry)",runs/expression-families/2026-04-23-fundamental-model-slow-ratio-equity-cap-structural-follow-up.md,ts_mean[63->72]
d00a53de587690e8,fundamental_model_slow_ratio_equity_cap_structural_follow_up,fundamental,group+window,2,57.63,100.0,66.98,19.64,69.94,76.0,15.05,0.0,review,"group_rank(ts_mean(shareholders_equity_total_2/cap, 5), subindustry)",runs/expression-families/2026-04-23-fundamental-model-slow-ratio-equity-cap-structural-follow-up.md,group[industry->subindustry] | ts_mean[63->5]
f8e9667f51fedd9c,fundamental_model_slow_ratio_equity_cap_structural_follow_up,fundamental,window,1,57.53,100.0,64.8,21.31,70.79,76.0,15.63,0.0,review,"group_rank(ts_mean(shareholders_equity_total_2/cap, 252), industry)",runs/expression-families/2026-04-23-fundamental-model-slow-ratio-equity-cap-structural-follow-up.md,ts_mean[63->252]
97805eca63c953f0,fundamental_model_slow_ratio_equity_cap_structural_follow_up,fundamental,window,1,57.48,100.0,63.95,20.92,71.12,76.0,14.97,0.0,review,"group_rank(ts_mean(shareholders_equity_total_2/cap, 20), industry)",runs/expression-families/2026-04-23-fundamental-model-slow-ratio-equity-cap-structural-follow-up.md,ts_mean[63->20]
efa32bfd9855b5c1,fundamental_model_slow_ratio_equity_cap_structural_follow_up,fundamental,window,1,57.48,100.0,63.95,20.92,71.12,76.0,14.97,0.0,review,"group_rank(ts_mean(shareholders_equity_total_2/cap, 10), industry)",runs/expression-families/2026-04-23-fundamental-model-slow-ratio-equity-cap-structural-follow-up.md,ts_mean[63->10]
c8f77428e1e2bfe1,fundamental_model_slow_ratio_equity_cap_structural_follow_up,fundamental,group+window,2,57.48,100.0,67.2,11.57,69.86,76.0,8.68,0.0,review,"ts_rank(group_rank(ts_mean(shareholders_equity_total_2/cap, 252), subindustry), 252)",runs/expression-families/2026-04-23-fundamental-model-slow-ratio-equity-cap-structural-follow-up.md,group[industry->subindustry] | ts_mean[63->252]
652425dfd0d471c0,fundamental_model_slow_ratio_equity_cap_structural_follow_up,fundamental,group+window,2,57.44,100.0,66.07,20.02,70.29,76.0,15.74,0.0,review,"group_rank(ts_mean(shareholders_equity_total_2/cap, 30), subindustry)",runs/expression-families/2026-04-23-fundamental-model-slow-ratio-equity-cap-structural-follow-up.md,group[industry->subindustry] | ts_mean[63->30]
b55f21f5a3bf0fc2,fundamental_model_slow_ratio_equity_cap_structural_follow_up,fundamental,window,1,57.43,100.0,62.17,20.92,71.81,76.0,14.08,0.0,review,"group_rank(ts_mean(shareholders_equity_total_2/cap, 30), industry)",runs/expression-families/2026-04-23-fundamental-model-slow-ratio-equity-cap-structural-follow-up.md,ts_mean[63->30]
f798eb08423d8413,fundamental_model_slow_ratio_equity_cap_structural_follow_up,fundamental,window,1,57.42,100.0,63.95,20.92,71.12,76.0,15.28,0.0,review,"group_rank(ts_mean(shareholders_equity_total_2/cap, 21), industry)",runs/expression-families/2026-04-23-fundamental-model-slow-ratio-equity-cap-structural-follow-up.md,ts_mean[63->21]
ddde64cfe4db7cd8,fundamental_model_slow_ratio_equity_cap_structural_follow_up,fundamental,window,1,57.37,100.0,63.08,20.52,71.46,76.0,14.62,0.0,review,"group_rank(ts_mean(shareholders_equity_total_2/cap, 5), industry)",runs/expression-families/2026-04-23-fundamental-model-slow-ratio-equity-cap-structural-follow-up.md,ts_mean[63->5]
f363d253af695134,fundamental_model_slow_ratio_equity_cap_structural_follow_up,fundamental,window,1,57.3,100.0,63.04,21.31,71.47,76.0,15.63,0.0,review,"group_rank(ts_mean(shareholders_equity_total_2/cap, 126), industry)",runs/expression-families/2026-04-23-fundamental-model-slow-ratio-equity-cap-structural-follow-up.md,ts_mean[63->126]
8cdd03004d5e9dab,fundamental_model_slow_ratio_equity_cap_structural_follow_up,fundamental,group+window,2,57.3,100.0,65.77,11.57,70.41,76.0,8.68,0.0,review,"ts_rank(group_rank(ts_mean(shareholders_equity_total_2/cap, 504), subindustry), 252)",runs/expression-families/2026-04-23-fundamental-model-slow-ratio-equity-cap-structural-follow-up.md,group[industry->subindustry] | ts_mean[63->504]
e76e706a75de4082,fundamental_model_slow_ratio_equity_cap_structural_follow_up,fundamental,group+window,2,57.3,100.0,65.77,11.57,70.41,76.0,8.68,0.0,review,"ts_rank(group_rank(ts_mean(shareholders_equity_total_2/cap, 126), subindustry), 252)",runs/expression-families/2026-04-23-fundamental-model-slow-ratio-equity-cap-structural-follow-up.md,group[industry->subindustry] | ts_mean[63->126]
08c4613b919b1cd6,fundamental_model_slow_ratio_equity_cap_structural_follow_up,fundamental,group+window,2,57.27,100.0,66.52,11.2,70.12,76.0,8.98,0.0,review,"ts_rank(group_rank(ts_mean(shareholders_equity_total_2/cap, 84), subindustry), 252)",runs/expression-families/2026-04-23-fundamental-model-slow-ratio-equity-cap-structural-follow-up.md,group[industry->subindustry] | ts_mean[63->84]
57ce32e1cade6f62,fundamental_model_slow_ratio_equity_cap_structural_follow_up,fundamental,group+window,2,57.27,100.0,66.52,11.2,70.12,76.0,8.98,0.0,review,"ts_rank(group_rank(ts_mean(shareholders_equity_total_2/cap, 21), subindustry), 252)",runs/expression-families/2026-04-23-fundamental-model-slow-ratio-equity-cap-structural-follow-up.md,group[industry->subindustry] | ts_mean[63->21]
e2f8d03203c02c5a,fundamental_model_slow_ratio_equity_cap_structural_follow_up,fundamental,group+window,2,57.27,100.0,66.52,11.2,70.12,76.0,8.98,0.0,review,"ts_rank(group_rank(ts_mean(shareholders_equity_total_2/cap, 78), subindustry), 252)",runs/expression-families/2026-04-23-fundamental-model-slow-ratio-equity-cap-structural-follow-up.md,group[industry->subindustry] | ts_mean[63->78]
f1d99ff4153f0752,fundamental_model_slow_ratio_equity_cap_structural_follow_up,fundamental,group+window,2,57.27,100.0,66.52,11.2,70.12,76.0,8.98,0.0,review,"ts_rank(group_rank(ts_mean(shareholders_equity_total_2/cap, 81), subindustry), 252)",runs/expression-families/2026-04-23-fundamental-model-slow-ratio-equity-cap-structural-follow-up.md,group[industry->subindustry] | ts_mean[63->81]
fdd598b83cff3589,fundamental_model_slow_ratio_equity_cap_structural_follow_up,fundamental,group+window,2,57.27,100.0,66.52,11.2,70.12,76.0,8.98,0.0,review,"ts_rank(group_rank(ts_mean(shareholders_equity_total_2/cap, 72), subindustry), 252)",runs/expression-families/2026-04-23-fundamental-model-slow-ratio-equity-cap-structural-follow-up.md,group[industry->subindustry] | ts_mean[63->72]
d91cc552f1661890,fundamental_model_slow_ratio_equity_cap_structural_follow_up,fundamental,group+window,2,57.11,100.0,66.52,10.34,70.12,76.0,8.98,0.0,review,"ts_rank(group_rank(ts_mean(shareholders_equity_total_2/cap, 90), subindustry), 126)",runs/expression-families/2026-04-23-fundamental-model-slow-ratio-equity-cap-structural-follow-up.md,group[industry->subindustry] | ts_rank[252->126]
8dae17dd0d37cb02,fundamental_model_slow_ratio_equity_cap_structural_follow_up,fundamental,window,2,57.09,100.0,66.94,11.15,69.96,76.0,10.07,0.0,review,"ts_rank(group_rank(ts_mean(shareholders_equity_total_2/cap, 252), industry), 126)",runs/expression-families/2026-04-23-fundamental-model-slow-ratio-equity-cap-structural-follow-up.md,ts_rank[252->126] | ts_mean[63->252]
21baec9be87bffed,fundamental_model_slow_ratio_equity_cap_structural_follow_up,fundamental,group+window,2,57.08,100.0,65.08,11.2,70.68,76.0,8.98,0.0,review,"ts_rank(group_rank(ts_mean(shareholders_equity_total_2/cap, 30), subindustry), 252)",runs/expression-families/2026-04-23-fundamental-model-slow-ratio-equity-cap-structural-follow-up.md,group[industry->subindustry] | ts_mean[63->30]
7573607c6e91f03c,fundamental_model_slow_ratio_equity_cap_structural_follow_up,fundamental,group+window,2,57.08,100.0,65.08,11.2,70.68,76.0,8.98,0.0,review,"ts_rank(group_rank(ts_mean(shareholders_equity_total_2/cap, 20), subindustry), 252)",runs/expression-families/2026-04-23-fundamental-model-slow-ratio-equity-cap-structural-follow-up.md,group[industry->subindustry] | ts_mean[63->20]
f8b1242325c89b1d,fundamental_model_slow_ratio_equity_cap_structural_follow_up,fundamental,group+window,2,57.08,100.0,65.08,11.2,70.68,76.0,8.98,0.0,review,"ts_rank(group_rank(ts_mean(shareholders_equity_total_2/cap, 10), subindustry), 252)",runs/expression-families/2026-04-23-fundamental-model-slow-ratio-equity-cap-structural-follow-up.md,group[industry->subindustry] | ts_mean[63->10]
584816f100d34505,fundamental_model_slow_ratio_equity_cap_structural_follow_up,fundamental,group+window,2,57.08,100.0,67.27,9.96,69.83,76.0,9.28,0.0,review,"ts_rank(group_rank(ts_mean(shareholders_equity_total_2/cap, 90), subindustry), 78)",runs/expression-families/2026-04-23-fundamental-model-slow-ratio-equity-cap-structural-follow-up.md,group[industry->subindustry] | ts_rank[252->78]
812bed75541731a2,fundamental_model_slow_ratio_equity_cap_structural_follow_up,fundamental,group+window,2,57.08,100.0,67.27,9.96,69.83,76.0,9.28,0.0,review,"ts_rank(group_rank(ts_mean(shareholders_equity_total_2/cap, 90), subindustry), 81)",runs/expression-families/2026-04-23-fundamental-model-slow-ratio-equity-cap-structural-follow-up.md,group[industry->subindustry] | ts_rank[252->81]
947d567752cd66e8,fundamental_model_slow_ratio_equity_cap_structural_follow_up,fundamental,window,2,57.06,100.0,67.71,10.76,69.66,76.0,10.38,0.0,review,"ts_rank(group_rank(ts_mean(shareholders_equity_total_2/cap, 252), industry), 78)",runs/expression-families/2026-04-23-fundamental-model-slow-ratio-equity-cap-structural-follow-up.md,ts_rank[252->78] | ts_mean[63->252]
ffeb0e18a786d801,fundamental_model_slow_ratio_equity_cap_structural_follow_up,fundamental,window,2,57.06,100.0,67.71,10.76,69.66,76.0,10.38,0.0,review,"ts_rank(group_rank(ts_mean(shareholders_equity_total_2/cap, 252), industry), 81)",runs/expression-families/2026-04-23-fundamental-model-slow-ratio-equity-cap-structural-follow-up.md,ts_rank[252->81] | ts_mean[63->252]
47677df147ce64a8,fundamental_model_slow_ratio_equity_cap_structural_follow_up,fundamental,group+window,2,57.05,100.0,65.83,10.82,70.39,76.0,9.28,0.0,review,"ts_rank(group_rank(ts_mean(shareholders_equity_total_2/cap, 90), subindustry), 72)",runs/expression-families/2026-04-23-fundamental-model-slow-ratio-equity-cap-structural-follow-up.md,group[industry->subindustry] | ts_rank[252->72]
a16616aff2151a45,fundamental_model_slow_ratio_equity_cap_structural_follow_up,fundamental,group+window,2,57.05,100.0,65.83,10.82,70.39,76.0,9.28,0.0,review,"ts_rank(group_rank(ts_mean(shareholders_equity_total_2/cap, 5), subindustry), 252)",runs/expression-families/2026-04-23-fundamental-model-slow-ratio-equity-cap-structural-follow-up.md,group[industry->subindustry] | ts_mean[63->5]
cfed6420d1938105,fundamental_model_slow_ratio_equity_cap_structural_follow_up,fundamental,group+window,2,57.05,100.0,65.83,10.82,70.39,76.0,9.28,0.0,review,"ts_rank(group_rank(ts_mean(shareholders_equity_total_2/cap, 90), subindustry), 21)",runs/expression-families/2026-04-23-fundamental-model-slow-ratio-equity-cap-structural-follow-up.md,group[industry->subindustry] | ts_rank[252->21]
a9ae3710d914ad35,fundamental_model_slow_ratio_equity_cap_structural_follow_up,fundamental,group+window,2,57.05,100.0,66.52,10.34,70.12,76.0,9.29,0.0,review,"ts_rank(group_rank(ts_mean(shareholders_equity_total_2/cap, 63), subindustry), 126)",runs/expression-families/2026-04-23-fundamental-model-slow-ratio-equity-cap-structural-follow-up.md,group[industry->subindustry] | ts_rank[252->126]
7ffa99eb6aff29fc,fundamental_model_slow_ratio_equity_cap_structural_follow_up,fundamental,window,2,57.03,100.0,66.25,11.65,70.22,76.0,10.38,0.0,review,"ts_rank(group_rank(ts_mean(shareholders_equity_total_2/cap, 252), industry), 72)",runs/expression-families/2026-04-23-fundamental-model-slow-ratio-equity-cap-structural-follow-up.md,ts_rank[252->72] | ts_mean[63->252]
dcc20ff93a0ee8b9,fundamental_model_slow_ratio_equity_cap_structural_follow_up,fundamental,window,2,57.03,100.0,66.25,11.65,70.22,76.0,10.38,0.0,review,"ts_rank(group_rank(ts_mean(shareholders_equity_total_2/cap, 252), industry), 21)",runs/expression-families/2026-04-23-fundamental-model-slow-ratio-equity-cap-structural-follow-up.md,ts_mean[63->252] | ts_rank[252->21]
33258f2486d0b8e5,fundamental_model_slow_ratio_equity_cap_structural_follow_up,fundamental,group+window,2,57.02,100.0,67.27,9.96,69.83,76.0,9.6,0.0,review,"ts_rank(group_rank(ts_mean(shareholders_equity_total_2/cap, 63), subindustry), 81)",runs/expression-families/2026-04-23-fundamental-model-slow-ratio-equity-cap-structural-follow-up.md,group[industry->subindustry] | ts_rank[252->81]
5968fcc568939365,fundamental_model_slow_ratio_equity_cap_structural_follow_up,fundamental,group+window,2,57.02,100.0,67.27,9.96,69.83,76.0,9.6,0.0,review,"ts_rank(group_rank(ts_mean(shareholders_equity_total_2/cap, 63), subindustry), 78)",runs/expression-families/2026-04-23-fundamental-model-slow-ratio-equity-cap-structural-follow-up.md,group[industry->subindustry] | ts_rank[252->78]
c11ad00a98fe5e86,fundamental_model_slow_ratio_equity_cap_structural_follow_up,fundamental,group,1,57.0,100.0,64.34,20.02,70.97,76.0,16.81,0.0,review,"group_rank(ts_mean(shareholders_equity_total_2/cap, 63), subindustry)",runs/expression-families/2026-04-23-fundamental-model-slow-ratio-equity-cap-structural-follow-up.md,group[industry->subindustry]
14e02a84614dc242,fundamental_model_slow_ratio_equity_cap_structural_follow_up,fundamental,group+window,2,56.98,100.0,65.83,10.82,70.39,76.0,9.6,0.0,review,"ts_rank(group_rank(ts_mean(shareholders_equity_total_2/cap, 63), subindustry), 72)",runs/expression-families/2026-04-23-fundamental-model-slow-ratio-equity-cap-structural-follow-up.md,group[industry->subindustry] | ts_rank[252->72]
36e457f063f18a7d,fundamental_model_slow_ratio_equity_cap_structural_follow_up,fundamental,group+window,2,56.98,100.0,65.83,10.82,70.39,76.0,9.6,0.0,review,"ts_rank(group_rank(ts_mean(shareholders_equity_total_2/cap, 63), subindustry), 21)",runs/expression-families/2026-04-23-fundamental-model-slow-ratio-equity-cap-structural-follow-up.md,group[industry->subindustry] | ts_rank[252->21]
a3d8f40cadede31d,fundamental_model_slow_ratio_equity_cap_structural_follow_up,fundamental,baseline,0,56.96,100.0,60.4,20.92,72.5,76.0,15.28,0.0,review,"group_rank(ts_mean(shareholders_equity_total_2/cap, 63), industry)",runs/expression-families/2026-04-23-fundamental-model-slow-ratio-equity-cap-structural-follow-up.md,
d09bb31a42959d0c,fundamental_model_slow_ratio_equity_cap_structural_follow_up,fundamental,group+window,2,56.93,100.0,67.27,9.1,69.83,76.0,9.28,0.0,review,"ts_rank(group_rank(ts_mean(shareholders_equity_total_2/cap, 90), subindustry), 84)",runs/expression-families/2026-04-23-fundamental-model-slow-ratio-equity-cap-structural-follow-up.md,group[industry->subindustry] | ts_rank[252->84]
e2488a1f766b5afd,fundamental_model_slow_ratio_equity_cap_structural_follow_up,fundamental,group+window,2,56.93,100.0,67.27,9.1,69.83,76.0,9.28,0.0,review,"ts_rank(group_rank(ts_mean(shareholders_equity_total_2/cap, 90), subindustry), 63)",runs/expression-families/2026-04-23-fundamental-model-slow-ratio-equity-cap-structural-follow-up.md,group[industry->subindustry] | ts_rank[252->63]
b174e6d7c5c77e52,fundamental_model_slow_ratio_equity_cap_structural_follow_up,fundamental,group+window,2,56.92,100.0,66.52,10.34,70.12,76.0,9.92,0.0,review,"ts_rank(group_rank(ts_mean(shareholders_equity_total_2/cap, 90), subindustry), 504)",runs/expression-families/2026-04-23-fundamental-model-slow-ratio-equity-cap-structural-follow-up.md,group[industry->subindustry] | ts_rank[252->504]
dbea4df78c7f329f,fundamental_model_slow_ratio_equity_cap_structural_follow_up,fundamental,group+window,2,56.92,100.0,66.52,10.34,70.12,76.0,9.92,0.0,review,"ts_rank(group_rank(ts_mean(shareholders_equity_total_2/cap, 63), subindustry), 504)",runs/expression-families/2026-04-23-fundamental-model-slow-ratio-equity-cap-structural-follow-up.md,group[industry->subindustry] | ts_rank[252->504]
1e31aea049b8239b,fundamental_model_slow_ratio_equity_cap_structural_follow_up,fundamental,window,2,56.91,100.0,65.49,11.15,70.52,76.0,10.07,0.0,review,"ts_rank(group_rank(ts_mean(shareholders_equity_total_2/cap, 126), industry), 126)",runs/expression-families/2026-04-23-fundamental-model-slow-ratio-equity-cap-structural-follow-up.md,ts_mean[63->126] | ts_rank[252->126]
e28d6c3fc6960b94,fundamental_model_slow_ratio_equity_cap_structural_follow_up,fundamental,window,2,56.91,100.0,65.49,11.15,70.52,76.0,10.07,0.0,review,"ts_rank(group_rank(ts_mean(shareholders_equity_total_2/cap, 504), industry), 126)",runs/expression-families/2026-04-23-fundamental-model-slow-ratio-equity-cap-structural-follow-up.md,ts_rank[252->126] | ts_mean[63->504]
fa2e96e6e7acdcd6,fundamental_model_slow_ratio_equity_cap_structural_follow_up,fundamental,window,2,56.9,100.0,66.94,11.15,69.96,76.0,11.03,0.0,review,"ts_rank(group_rank(ts_mean(shareholders_equity_total_2/cap, 252), industry), 504)",runs/expression-families/2026-04-23-fundamental-model-slow-ratio-equity-cap-structural-follow-up.md,ts_mean[63->252] | ts_rank[252->504]
03a8cb3d537c63d4,fundamental_model_slow_ratio_equity_cap_structural_follow_up,fundamental,window,2,56.9,100.0,67.71,9.87,69.66,76.0,10.38,0.0,review,"ts_rank(group_rank(ts_mean(shareholders_equity_total_2/cap, 252), industry), 63)",runs/expression-families/2026-04-23-fundamental-model-slow-ratio-equity-cap-structural-follow-up.md,ts_mean[63->252] | ts_rank[252->63]
1c467cfea4630428,fundamental_model_slow_ratio_equity_cap_structural_follow_up,fundamental,window,2,56.9,100.0,67.71,9.87,69.66,76.0,10.38,0.0,review,"ts_rank(group_rank(ts_mean(shareholders_equity_total_2/cap, 252), industry), 84)",runs/expression-families/2026-04-23-fundamental-model-slow-ratio-equity-cap-structural-follow-up.md,ts_rank[252->84] | ts_mean[63->252]
22f83adf20aefe19,fundamental_model_slow_ratio_equity_cap_structural_follow_up,fundamental,group+window,2,56.89,100.0,63.65,11.2,71.24,76.0,8.98,0.0,review,"ts_rank(group_rank(ts_mean(shareholders_equity_total_2/cap, 90), subindustry), 252)",runs/expression-families/2026-04-23-fundamental-model-slow-ratio-equity-cap-structural-follow-up.md,group[industry->subindustry] | ts_mean[63->90]
2e588101482922a8,fundamental_model_slow_ratio_equity_cap_structural_follow_up,fundamental,group+window,2,56.89,100.0,67.27,9.96,69.83,76.0,10.23,0.0,review,"ts_rank(group_rank(ts_mean(shareholders_equity_total_2/cap, 90), subindustry), 30)",runs/expression-families/2026-04-23-fundamental-model-slow-ratio-equity-cap-structural-follow-up.md,group[industry->subindustry] | ts_rank[252->30]
5392a2f61ffd591e,fundamental_model_slow_ratio_equity_cap_structural_follow_up,fundamental,group+window,2,56.89,100.0,67.27,9.96,69.83,76.0,10.23,0.0,review,"ts_rank(group_rank(ts_mean(shareholders_equity_total_2/cap, 90), subindustry), 10)",runs/expression-families/2026-04-23-fundamental-model-slow-ratio-equity-cap-structural-follow-up.md,group[industry->subindustry] | ts_rank[252->10]
69d6027221abd149,fundamental_model_slow_ratio_equity_cap_structural_follow_up,fundamental,group+window,2,56.89,100.0,67.27,9.96,69.83,76.0,10.23,0.0,review,"ts_rank(group_rank(ts_mean(shareholders_equity_total_2/cap, 63), subindustry), 30)",runs/expression-families/2026-04-23-fundamental-model-slow-ratio-equity-cap-structural-follow-up.md,group[industry->subindustry] | ts_rank[252->30]
e7641710918dd06a,fundamental_model_slow_ratio_equity_cap_structural_follow_up,fundamental,group+window,2,56.89,100.0,67.27,9.96,69.83,76.0,10.23,0.0,review,"ts_rank(group_rank(ts_mean(shareholders_equity_total_2/cap, 63), subindustry), 10)",runs/expression-families/2026-04-23-fundamental-model-slow-ratio-equity-cap-structural-follow-up.md,group[industry->subindustry] | ts_rank[252->10]
d2de53e053417875,fundamental_model_slow_ratio_equity_cap_structural_follow_up,fundamental,window,1,56.88,100.0,64.03,12.04,71.09,76.0,10.07,0.0,review,"ts_rank(group_rank(ts_mean(shareholders_equity_total_2/cap, 252), industry), 252)",runs/expression-families/2026-04-23-fundamental-model-slow-ratio-equity-cap-structural-follow-up.md,ts_mean[63->252]
0e63e9da18565823,fundamental_model_slow_ratio_equity_cap_structural_follow_up,fundamental,window,2,56.87,100.0,66.25,10.76,70.22,76.0,10.38,0.0,review,"ts_rank(group_rank(ts_mean(shareholders_equity_total_2/cap, 21), industry), 126)",runs/expression-families/2026-04-23-fundamental-model-slow-ratio-equity-cap-structural-follow-up.md,ts_mean[63->21] | ts_rank[252->126]
14ad4f68798fb153,fundamental_model_slow_ratio_equity_cap_structural_follow_up,fundamental,window,2,56.87,100.0,66.25,10.76,70.22,76.0,10.38,0.0,review,"ts_rank(group_rank(ts_mean(shareholders_equity_total_2/cap, 126), industry), 81)",runs/expression-families/2026-04-23-fundamental-model-slow-ratio-equity-cap-structural-follow-up.md,ts_mean[63->126] | ts_rank[252->81]
3bb3a355e55c2df6,fundamental_model_slow_ratio_equity_cap_structural_follow_up,fundamental,window,2,56.87,100.0,66.25,10.76,70.22,76.0,10.38,0.0,review,"ts_rank(group_rank(ts_mean(shareholders_equity_total_2/cap, 78), industry), 126)",runs/expression-families/2026-04-23-fundamental-model-slow-ratio-equity-cap-structural-follow-up.md,ts_mean[63->78] | ts_rank[252->126]
8097dce43933c1ff,fundamental_model_slow_ratio_equity_cap_structural_follow_up,fundamental,window,2,56.87,100.0,66.25,10.76,70.22,76.0,10.38,0.0,review,"ts_rank(group_rank(ts_mean(shareholders_equity_total_2/cap, 504), industry), 78)",runs/expression-families/2026-04-23-fundamental-model-slow-ratio-equity-cap-structural-follow-up.md,ts_rank[252->78] | ts_mean[63->504]
adee9f5bf46d1eb9,fundamental_model_slow_ratio_equity_cap_structural_follow_up,fundamental,window,2,56.87,100.0,66.25,10.76,70.22,76.0,10.38,0.0,review,"ts_rank(group_rank(ts_mean(shareholders_equity_total_2/cap, 72), industry), 126)",runs/expression-families/2026-04-23-fundamental-model-slow-ratio-equity-cap-structural-follow-up.md,ts_mean[63->72] | ts_rank[252->126]
d3eb48f50e6b182d,fundamental_model_slow_ratio_equity_cap_structural_follow_up,fundamental,window,2,56.87,100.0,66.25,10.76,70.22,76.0,10.38,0.0,review,"ts_rank(group_rank(ts_mean(shareholders_equity_total_2/cap, 504), industry), 81)",runs/expression-families/2026-04-23-fundamental-model-slow-ratio-equity-cap-structural-follow-up.md,ts_rank[252->81] | ts_mean[63->504]
dc76e72da49394a9,fundamental_model_slow_ratio_equity_cap_structural_follow_up,fundamental,window,2,56.87,100.0,66.25,10.76,70.22,76.0,10.38,0.0,review,"ts_rank(group_rank(ts_mean(shareholders_equity_total_2/cap, 84), industry), 126)",runs/expression-families/2026-04-23-fundamental-model-slow-ratio-equity-cap-structural-follow-up.md,ts_mean[63->84] | ts_rank[252->126]
f8d297e1eb0b65e0,fundamental_model_slow_ratio_equity_cap_structural_follow_up,fundamental,window,2,56.87,100.0,66.25,10.76,70.22,76.0,10.38,0.0,review,"ts_rank(group_rank(ts_mean(shareholders_equity_total_2/cap, 126), industry), 78)",runs/expression-families/2026-04-23-fundamental-model-slow-ratio-equity-cap-structural-follow-up.md,ts_mean[63->126] | ts_rank[252->78]
febd8e77837e2846,fundamental_model_slow_ratio_equity_cap_structural_follow_up,fundamental,window,2,56.87,100.0,66.25,10.76,70.22,76.0,10.38,0.0,review,"ts_rank(group_rank(ts_mean(shareholders_equity_total_2/cap, 81), industry), 126)",runs/expression-families/2026-04-23-fundamental-model-slow-ratio-equity-cap-structural-follow-up.md,ts_mean[63->81] | ts_rank[252->126]
8082ad0256b2c2ed,fundamental_model_slow_ratio_equity_cap_structural_follow_up,fundamental,window,2,56.87,100.0,67.71,10.76,69.66,76.0,11.35,0.0,review,"ts_rank(group_rank(ts_mean(shareholders_equity_total_2/cap, 252), industry), 10)",runs/expression-families/2026-04-23-fundamental-model-slow-ratio-equity-cap-structural-follow-up.md,ts_mean[63->252] | ts_rank[252->10]
e2a51e9d3478b4bb,fundamental_model_slow_ratio_equity_cap_structural_follow_up,fundamental,window,2,56.87,100.0,67.71,10.76,69.66,76.0,11.35,0.0,review,"ts_rank(group_rank(ts_mean(shareholders_equity_total_2/cap, 252), industry), 30)",runs/expression-families/2026-04-23-fundamental-model-slow-ratio-equity-cap-structural-follow-up.md,ts_mean[63->252] | ts_rank[252->30]
0832cfcb1c07e169,fundamental_model_slow_ratio_equity_cap_structural_follow_up,fundamental,group+window,2,56.86,100.0,67.27,9.1,69.83,76.0,9.6,0.0,review,"ts_rank(group_rank(ts_mean(shareholders_equity_total_2/cap, 63), subindustry), 63)",runs/expression-families/2026-04-23-fundamental-model-slow-ratio-equity-cap-structural-follow-up.md,group[industry->subindustry] | ts_rank[252->63]
36b40f39ed1b06ff,fundamental_model_slow_ratio_equity_cap_structural_follow_up,fundamental,group+window,2,56.86,100.0,67.27,9.1,69.83,76.0,9.6,0.0,review,"ts_rank(group_rank(ts_mean(shareholders_equity_total_2/cap, 63), subindustry), 84)",runs/expression-families/2026-04-23-fundamental-model-slow-ratio-equity-cap-structural-follow-up.md,group[industry->subindustry] | ts_rank[252->84]
76420572d69f28dd,fundamental_model_slow_ratio_equity_cap_structural_follow_up,fundamental,window,2,56.84,100.0,64.79,11.65,70.79,76.0,10.38,0.0,review,"ts_rank(group_rank(ts_mean(shareholders_equity_total_2/cap, 126), industry), 21)",runs/expression-families/2026-04-23-fundamental-model-slow-ratio-equity-cap-structural-follow-up.md,ts_mean[63->126] | ts_rank[252->21]
ae442b51d924ded3,fundamental_model_slow_ratio_equity_cap_structural_follow_up,fundamental,window,2,56.84,100.0,64.79,11.65,70.79,76.0,10.38,0.0,review,"ts_rank(group_rank(ts_mean(shareholders_equity_total_2/cap, 504), industry), 21)",runs/expression-families/2026-04-23-fundamental-model-slow-ratio-equity-cap-structural-follow-up.md,ts_rank[252->21] | ts_mean[63->504]
d41d1e52450d11c6,fundamental_model_slow_ratio_equity_cap_structural_follow_up,fundamental,window,2,56.84,100.0,64.79,11.65,70.79,76.0,10.38,0.0,review,"ts_rank(group_rank(ts_mean(shareholders_equity_total_2/cap, 126), industry), 72)",runs/expression-families/2026-04-23-fundamental-model-slow-ratio-equity-cap-structural-follow-up.md,ts_mean[63->126] | ts_rank[252->72]
e2d0032d291b7d89,fundamental_model_slow_ratio_equity_cap_structural_follow_up,fundamental,window,2,56.84,100.0,64.79,11.65,70.79,76.0,10.38,0.0,review,"ts_rank(group_rank(ts_mean(shareholders_equity_total_2/cap, 504), industry), 72)",runs/expression-families/2026-04-23-fundamental-model-slow-ratio-equity-cap-structural-follow-up.md,ts_rank[252->72] | ts_mean[63->504]
086e20772d9802da,fundamental_model_slow_ratio_equity_cap_structural_follow_up,fundamental,window,2,56.84,100.0,67.02,10.36,69.92,76.0,10.69,0.0,review,"ts_rank(group_rank(ts_mean(shareholders_equity_total_2/cap, 78), industry), 81)",runs/expression-families/2026-04-23-fundamental-model-slow-ratio-equity-cap-structural-follow-up.md,ts_mean[63->78] | ts_rank[252->81]
62d090aaa7124b1d,fundamental_model_slow_ratio_equity_cap_structural_follow_up,fundamental,window,2,56.84,100.0,67.02,10.36,69.92,76.0,10.69,0.0,review,"ts_rank(group_rank(ts_mean(shareholders_equity_total_2/cap, 21), industry), 78)",runs/expression-families/2026-04-23-fundamental-model-slow-ratio-equity-cap-structural-follow-up.md,ts_mean[63->21] | ts_rank[252->78]
a2da62c03bd1d536,fundamental_model_slow_ratio_equity_cap_structural_follow_up,fundamental,window,2,56.84,100.0,67.02,10.36,69.92,76.0,10.69,0.0,review,"ts_rank(group_rank(ts_mean(shareholders_equity_total_2/cap, 21), industry), 81)",runs/expression-families/2026-04-23-fundamental-model-slow-ratio-equity-cap-structural-follow-up.md,ts_mean[63->21] | ts_rank[252->81]
ae9c28e3aca502f6,fundamental_model_slow_ratio_equity_cap_structural_follow_up,fundamental,window,2,56.84,100.0,67.02,10.36,69.92,76.0,10.69,0.0,review,"ts_rank(group_rank(ts_mean(shareholders_equity_total_2/cap, 81), industry), 78)",runs/expression-families/2026-04-23-fundamental-model-slow-ratio-equity-cap-structural-follow-up.md,ts_mean[63->81] | ts_rank[252->78]
b17b896f4030d83e,fundamental_model_slow_ratio_equity_cap_structural_follow_up,fundamental,window,2,56.84,100.0,67.02,10.36,69.92,76.0,10.69,0.0,review,"ts_rank(group_rank(ts_mean(shareholders_equity_total_2/cap, 72), industry), 81)",runs/expression-families/2026-04-23-fundamental-model-slow-ratio-equity-cap-structural-follow-up.md,ts_mean[63->72] | ts_rank[252->81]
b8c20bc788341c73,fundamental_model_slow_ratio_equity_cap_structural_follow_up,fundamental,window,2,56.84,100.0,67.02,10.36,69.92,76.0,10.69,0.0,review,"ts_rank(group_rank(ts_mean(shareholders_equity_total_2/cap, 78), industry), 78)",runs/expression-families/2026-04-23-fundamental-model-slow-ratio-equity-cap-structural-follow-up.md,ts_mean[63->78] | ts_rank[252->78]
e4da7e1f9b7470ce,fundamental_model_slow_ratio_equity_cap_structural_follow_up,fundamental,window,2,56.84,100.0,67.02,10.36,69.92,76.0,10.69,0.0,review,"ts_rank(group_rank(ts_mean(shareholders_equity_total_2/cap, 81), industry), 81)",runs/expression-families/2026-04-23-fundamental-model-slow-ratio-equity-cap-structural-follow-up.md,ts_mean[63->81] | ts_rank[252->81]
e9aea28d88c4982d,fundamental_model_slow_ratio_equity_cap_structural_follow_up,fundamental,window,2,56.84,100.0,67.02,10.36,69.92,76.0,10.69,0.0,review,"ts_rank(group_rank(ts_mean(shareholders_equity_total_2/cap, 84), industry), 81)",runs/expression-families/2026-04-23-fundamental-model-slow-ratio-equity-cap-structural-follow-up.md,ts_mean[63->84] | ts_rank[252->81]
ed79d4fcebc6b7cf,fundamental_model_slow_ratio_equity_cap_structural_follow_up,fundamental,window,2,56.84,100.0,67.02,10.36,69.92,76.0,10.69,0.0,review,"ts_rank(group_rank(ts_mean(shareholders_equity_total_2/cap, 72), industry), 78)",runs/expression-families/2026-04-23-fundamental-model-slow-ratio-equity-cap-structural-follow-up.md,ts_mean[63->72] | ts_rank[252->78]
ff0ca5b0fa44148f,fundamental_model_slow_ratio_equity_cap_structural_follow_up,fundamental,window,2,56.84,100.0,67.02,10.36,69.92,76.0,10.69,0.0,review,"ts_rank(group_rank(ts_mean(shareholders_equity_total_2/cap, 84), industry), 78)",runs/expression-families/2026-04-23-fundamental-model-slow-ratio-equity-cap-structural-follow-up.md,ts_mean[63->84] | ts_rank[252->78]
68fef724682f0f6a,fundamental_model_slow_ratio_equity_cap_structural_follow_up,fundamental,group,1,56.83,100.0,63.65,11.2,71.24,76.0,9.29,0.0,review,"ts_rank(group_rank(ts_mean(shareholders_equity_total_2/cap, 63), subindustry), 252)",runs/expression-families/2026-04-23-fundamental-model-slow-ratio-equity-cap-structural-follow-up.md,group[industry->subindustry]
60e4703be552d8e2,fundamental_model_slow_ratio_equity_cap_structural_follow_up,fundamental,group+window,2,56.83,100.0,65.13,10.43,70.66,76.0,9.58,0.0,review,"ts_rank(group_rank(ts_mean(shareholders_equity_total_2/cap, 90), subindustry), 5)",runs/expression-families/2026-04-23-fundamental-model-slow-ratio-equity-cap-structural-follow-up.md,group[industry->subindustry] | ts_rank[252->5]
13cdfb8016258298,fundamental_model_slow_ratio_equity_cap_structural_follow_up,fundamental,window,2,56.81,100.0,65.55,11.26,70.5,76.0,10.69,0.0,review,"ts_rank(group_rank(ts_mean(shareholders_equity_total_2/cap, 78), industry), 21)",runs/expression-families/2026-04-23-fundamental-model-slow-ratio-equity-cap-structural-follow-up.md,ts_mean[63->78] | ts_rank[252->21]
2ff5727fca0aaa1b,fundamental_model_slow_ratio_equity_cap_structural_follow_up,fundamental,window,2,56.81,100.0,65.55,11.26,70.5,76.0,10.69,0.0,review,"ts_rank(group_rank(ts_mean(shareholders_equity_total_2/cap, 72), industry), 21)",runs/expression-families/2026-04-23-fundamental-model-slow-ratio-equity-cap-structural-follow-up.md,ts_mean[63->72] | ts_rank[252->21]
38e63b74b28af580,fundamental_model_slow_ratio_equity_cap_structural_follow_up,fundamental,window,2,56.81,100.0,65.55,11.26,70.5,76.0,10.69,0.0,review,"ts_rank(group_rank(ts_mean(shareholders_equity_total_2/cap, 21), industry), 21)",runs/expression-families/2026-04-23-fundamental-model-slow-ratio-equity-cap-structural-follow-up.md,ts_mean[63->21] | ts_rank[252->21]
5130973c3d560ab8,fundamental_model_slow_ratio_equity_cap_structural_follow_up,fundamental,window,2,56.81,100.0,65.55,11.26,70.5,76.0,10.69,0.0,review,"ts_rank(group_rank(ts_mean(shareholders_equity_total_2/cap, 81), industry), 21)",runs/expression-families/2026-04-23-fundamental-model-slow-ratio-equity-cap-structural-follow-up.md,ts_mean[63->81] | ts_rank[252->21]
998d77d691815786,fundamental_model_slow_ratio_equity_cap_structural_follow_up,fundamental,window,2,56.81,100.0,65.55,11.26,70.5,76.0,10.69,0.0,review,"ts_rank(group_rank(ts_mean(shareholders_equity_total_2/cap, 72), industry), 72)",runs/expression-families/2026-04-23-fundamental-model-slow-ratio-equity-cap-structural-follow-up.md,ts_mean[63->72] | ts_rank[252->72]
9b5e0df8295498b0,fundamental_model_slow_ratio_equity_cap_structural_follow_up,fundamental,window,2,56.81,100.0,65.55,11.26,70.5,76.0,10.69,0.0,review,"ts_rank(group_rank(ts_mean(shareholders_equity_total_2/cap, 84), industry), 72)",runs/expression-families/2026-04-23-fundamental-model-slow-ratio-equity-cap-structural-follow-up.md,ts_mean[63->84] | ts_rank[252->72]
adf93680de158b8c,fundamental_model_slow_ratio_equity_cap_structural_follow_up,fundamental,window,2,56.81,100.0,65.55,11.26,70.5,76.0,10.69,0.0,review,"ts_rank(group_rank(ts_mean(shareholders_equity_total_2/cap, 84), industry), 21)",runs/expression-families/2026-04-23-fundamental-model-slow-ratio-equity-cap-structural-follow-up.md,ts_mean[63->84] | ts_rank[252->21]
ae4852777d92b37f,fundamental_model_slow_ratio_equity_cap_structural_follow_up,fundamental,window,2,56.81,100.0,65.55,11.26,70.5,76.0,10.69,0.0,review,"ts_rank(group_rank(ts_mean(shareholders_equity_total_2/cap, 21), industry), 72)",runs/expression-families/2026-04-23-fundamental-model-slow-ratio-equity-cap-structural-follow-up.md,ts_mean[63->21] | ts_rank[252->72]
af0c9978db63dca3,fundamental_model_slow_ratio_equity_cap_structural_follow_up,fundamental,window,2,56.81,100.0,65.55,11.26,70.5,76.0,10.69,0.0,review,"ts_rank(group_rank(ts_mean(shareholders_equity_total_2/cap, 78), industry), 72)",runs/expression-families/2026-04-23-fundamental-model-slow-ratio-equity-cap-structural-follow-up.md,ts_mean[63->78] | ts_rank[252->72]
df96d6bf7b833d09,fundamental_model_slow_ratio_equity_cap_structural_follow_up,fundamental,window,2,56.81,100.0,65.55,11.26,70.5,76.0,10.69,0.0,review,"ts_rank(group_rank(ts_mean(shareholders_equity_total_2/cap, 252), industry), 5)",runs/expression-families/2026-04-23-fundamental-model-slow-ratio-equity-cap-structural-follow-up.md,ts_mean[63->252] | ts_rank[252->5]
ea94d30e5d17826d,fundamental_model_slow_ratio_equity_cap_structural_follow_up,fundamental,window,2,56.81,100.0,65.55,11.26,70.5,76.0,10.69,0.0,review,"ts_rank(group_rank(ts_mean(shareholders_equity_total_2/cap, 81), industry), 72)",runs/expression-families/2026-04-23-fundamental-model-slow-ratio-equity-cap-structural-follow-up.md,ts_mean[63->81] | ts_rank[252->72]
2a53ede1d6e9383b,fundamental_model_slow_ratio_equity_cap_structural_follow_up,fundamental,group+window,2,56.76,100.0,65.13,10.43,70.66,76.0,9.92,0.0,review,"ts_rank(group_rank(ts_mean(shareholders_equity_total_2/cap, 63), subindustry), 5)",runs/expression-families/2026-04-23-fundamental-model-slow-ratio-equity-cap-structural-follow-up.md,group[industry->subindustry] | ts_rank[252->5]
42507635a0db4539,fundamental_model_slow_ratio_equity_cap_structural_follow_up,fundamental,window,2,56.71,100.0,65.49,11.15,70.52,76.0,11.03,0.0,review,"ts_rank(group_rank(ts_mean(shareholders_equity_total_2/cap, 504), industry), 504)",runs/expression-families/2026-04-23-fundamental-model-slow-ratio-equity-cap-structural-follow-up.md,ts_rank[252->504] | ts_mean[63->504]
a561bc809bcd6f33,fundamental_model_slow_ratio_equity_cap_structural_follow_up,fundamental,window,2,56.71,100.0,65.49,11.15,70.52,76.0,11.03,0.0,review,"ts_rank(group_rank(ts_mean(shareholders_equity_total_2/cap, 126), industry), 504)",runs/expression-families/2026-04-23-fundamental-model-slow-ratio-equity-cap-structural-follow-up.md,ts_mean[63->126] | ts_rank[252->504]
034fc310f0fc8a61,fundamental_model_slow_ratio_equity_cap_structural_follow_up,fundamental,window,2,56.71,100.0,66.25,9.87,70.22,76.0,10.38,0.0,review,"ts_rank(group_rank(ts_mean(shareholders_equity_total_2/cap, 504), industry), 84)",runs/expression-families/2026-04-23-fundamental-model-slow-ratio-equity-cap-structural-follow-up.md,ts_rank[252->84] | ts_mean[63->504]
06f8d4aa20d002ea,fundamental_model_slow_ratio_equity_cap_structural_follow_up,fundamental,window,2,56.71,100.0,66.25,9.87,70.22,76.0,10.38,0.0,review,"ts_rank(group_rank(ts_mean(shareholders_equity_total_2/cap, 126), industry), 84)",runs/expression-families/2026-04-23-fundamental-model-slow-ratio-equity-cap-structural-follow-up.md,ts_mean[63->126] | ts_rank[252->84]
c51c3bbea496d209,fundamental_model_slow_ratio_equity_cap_structural_follow_up,fundamental,window,2,56.71,100.0,66.25,9.87,70.22,76.0,10.38,0.0,review,"ts_rank(group_rank(ts_mean(shareholders_equity_total_2/cap, 504), industry), 63)",runs/expression-families/2026-04-23-fundamental-model-slow-ratio-equity-cap-structural-follow-up.md,ts_rank[252->63] | ts_mean[63->504]
d63c5b85b0abf1ba,fundamental_model_slow_ratio_equity_cap_structural_follow_up,fundamental,window,2,56.71,100.0,66.25,9.87,70.22,76.0,10.38,0.0,review,"ts_rank(group_rank(ts_mean(shareholders_equity_total_2/cap, 126), industry), 63)",runs/expression-families/2026-04-23-fundamental-model-slow-ratio-equity-cap-structural-follow-up.md,ts_mean[63->126] | ts_rank[252->63]
655d957f5d0b7120,fundamental_model_slow_ratio_equity_cap_structural_follow_up,fundamental,group+window,2,56.7,100.0,65.83,9.96,70.39,76.0,10.23,0.0,review,"ts_rank(group_rank(ts_mean(shareholders_equity_total_2/cap, 90), subindustry), 20)",runs/expression-families/2026-04-23-fundamental-model-slow-ratio-equity-cap-structural-follow-up.md,group[industry->subindustry] | ts_rank[252->20]
e56bc579ddd20e4f,fundamental_model_slow_ratio_equity_cap_structural_follow_up,fundamental,group+window,2,56.7,100.0,65.83,9.96,70.39,76.0,10.23,0.0,review,"ts_rank(group_rank(ts_mean(shareholders_equity_total_2/cap, 63), subindustry), 20)",runs/expression-families/2026-04-23-fundamental-model-slow-ratio-equity-cap-structural-follow-up.md,group[industry->subindustry] | ts_rank[252->20]
6b129eec8f9c0449,fundamental_model_slow_ratio_equity_cap_structural_follow_up,fundamental,window,1,56.69,100.0,62.58,12.04,71.65,76.0,10.07,0.0,review,"ts_rank(group_rank(ts_mean(shareholders_equity_total_2/cap, 504), industry), 252)",runs/expression-families/2026-04-23-fundamental-model-slow-ratio-equity-cap-structural-follow-up.md,ts_mean[63->504]
e46b015d63e77d26,fundamental_model_slow_ratio_equity_cap_structural_follow_up,fundamental,window,1,56.69,100.0,62.58,12.04,71.65,76.0,10.07,0.0,review,"ts_rank(group_rank(ts_mean(shareholders_equity_total_2/cap, 126), industry), 252)",runs/expression-families/2026-04-23-fundamental-model-slow-ratio-equity-cap-structural-follow-up.md,ts_mean[63->126]
64348ffbcd64d578,fundamental_model_slow_ratio_equity_cap_structural_follow_up,fundamental,window,2,56.68,100.0,64.79,10.76,70.79,76.0,10.38,0.0,review,"ts_rank(group_rank(ts_mean(shareholders_equity_total_2/cap, 20), industry), 126)",runs/expression-families/2026-04-23-fundamental-model-slow-ratio-equity-cap-structural-follow-up.md,ts_mean[63->20] | ts_rank[252->126]
b0695c3f3f8fd9e0,fundamental_model_slow_ratio_equity_cap_structural_follow_up,fundamental,window,2,56.68,100.0,64.79,10.76,70.79,76.0,10.38,0.0,review,"ts_rank(group_rank(ts_mean(shareholders_equity_total_2/cap, 30), industry), 126)",runs/expression-families/2026-04-23-fundamental-model-slow-ratio-equity-cap-structural-follow-up.md,ts_mean[63->30] | ts_rank[252->126]
f7c888108fb05fa9,fundamental_model_slow_ratio_equity_cap_structural_follow_up,fundamental,window,2,56.68,100.0,64.79,10.76,70.79,76.0,10.38,0.0,review,"ts_rank(group_rank(ts_mean(shareholders_equity_total_2/cap, 10), industry), 126)",runs/expression-families/2026-04-23-fundamental-model-slow-ratio-equity-cap-structural-follow-up.md,ts_mean[63->10] | ts_rank[252->126]
0aba813349d2a6c0,fundamental_model_slow_ratio_equity_cap_structural_follow_up,fundamental,window,2,56.68,100.0,66.25,10.76,70.22,76.0,11.35,0.0,review,"ts_rank(group_rank(ts_mean(shareholders_equity_total_2/cap, 126), industry), 10)",runs/expression-families/2026-04-23-fundamental-model-slow-ratio-equity-cap-structural-follow-up.md,ts_mean[63->126] | ts_rank[252->10]
464937827b102ba2,fundamental_model_slow_ratio_equity_cap_structural_follow_up,fundamental,window,2,56.68,100.0,66.25,10.76,70.22,76.0,11.35,0.0,review,"ts_rank(group_rank(ts_mean(shareholders_equity_total_2/cap, 21), industry), 504)",runs/expression-families/2026-04-23-fundamental-model-slow-ratio-equity-cap-structural-follow-up.md,ts_mean[63->21] | ts_rank[252->504]
4eb85dbd2c23c6bf,fundamental_model_slow_ratio_equity_cap_structural_follow_up,fundamental,window,2,56.68,100.0,66.25,10.76,70.22,76.0,11.35,0.0,review,"ts_rank(group_rank(ts_mean(shareholders_equity_total_2/cap, 504), industry), 30)",runs/expression-families/2026-04-23-fundamental-model-slow-ratio-equity-cap-structural-follow-up.md,ts_rank[252->30] | ts_mean[63->504]
60d6cc8d4ca45e47,fundamental_model_slow_ratio_equity_cap_structural_follow_up,fundamental,window,2,56.68,100.0,66.25,10.76,70.22,76.0,11.35,0.0,review,"ts_rank(group_rank(ts_mean(shareholders_equity_total_2/cap, 504), industry), 10)",runs/expression-families/2026-04-23-fundamental-model-slow-ratio-equity-cap-structural-follow-up.md,ts_rank[252->10] | ts_mean[63->504]
66359f879aa74bf1,fundamental_model_slow_ratio_equity_cap_structural_follow_up,fundamental,window,2,56.68,100.0,66.25,10.76,70.22,76.0,11.35,0.0,review,"ts_rank(group_rank(ts_mean(shareholders_equity_total_2/cap, 78), industry), 504)",runs/expression-families/2026-04-23-fundamental-model-slow-ratio-equity-cap-structural-follow-up.md,ts_mean[63->78] | ts_rank[252->504]
827e66a684230cb3,fundamental_model_slow_ratio_equity_cap_structural_follow_up,fundamental,window,2,56.68,100.0,66.25,10.76,70.22,76.0,11.35,0.0,review,"ts_rank(group_rank(ts_mean(shareholders_equity_total_2/cap, 81), industry), 504)",runs/expression-families/2026-04-23-fundamental-model-slow-ratio-equity-cap-structural-follow-up.md,ts_mean[63->81] | ts_rank[252->504]
9df31b161acca359,fundamental_model_slow_ratio_equity_cap_structural_follow_up,fundamental,window,2,56.68,100.0,66.25,10.76,70.22,76.0,11.35,0.0,review,"ts_rank(group_rank(ts_mean(shareholders_equity_total_2/cap, 84), industry), 504)",runs/expression-families/2026-04-23-fundamental-model-slow-ratio-equity-cap-structural-follow-up.md,ts_mean[63->84] | ts_rank[252->504]
b506fb5eba8fcb06,fundamental_model_slow_ratio_equity_cap_structural_follow_up,fundamental,window,2,56.68,100.0,66.25,10.76,70.22,76.0,11.35,0.0,review,"ts_rank(group_rank(ts_mean(shareholders_equity_total_2/cap, 126), industry), 30)",runs/expression-families/2026-04-23-fundamental-model-slow-ratio-equity-cap-structural-follow-up.md,ts_mean[63->126] | ts_rank[252->30]
c803fecf93c6ff9f,fundamental_model_slow_ratio_equity_cap_structural_follow_up,fundamental,window,2,56.68,100.0,66.25,10.76,70.22,76.0,11.35,0.0,review,"ts_rank(group_rank(ts_mean(shareholders_equity_total_2/cap, 72), industry), 504)",runs/expression-families/2026-04-23-fundamental-model-slow-ratio-equity-cap-structural-follow-up.md,ts_mean[63->72] | ts_rank[252->504]
e714040cd8fc9465,fundamental_model_slow_ratio_equity_cap_structural_follow_up,fundamental,window,2,56.68,100.0,66.25,10.76,70.22,76.0,11.35,0.0,review,"ts_rank(group_rank(ts_mean(shareholders_equity_total_2/cap, 252), industry), 20)",runs/expression-families/2026-04-23-fundamental-model-slow-ratio-equity-cap-structural-follow-up.md,ts_mean[63->252] | ts_rank[252->20]
096c7f5450464ca2,fundamental_model_slow_ratio_equity_cap_structural_follow_up,fundamental,window,2,56.68,100.0,67.02,9.46,69.92,76.0,10.69,0.0,review,"ts_rank(group_rank(ts_mean(shareholders_equity_total_2/cap, 72), industry), 84)",runs/expression-families/2026-04-23-fundamental-model-slow-ratio-equity-cap-structural-follow-up.md,ts_mean[63->72] | ts_rank[252->84]
14937dce1b24859f,fundamental_model_slow_ratio_equity_cap_structural_follow_up,fundamental,window,2,56.68,100.0,67.02,9.46,69.92,76.0,10.69,0.0,review,"ts_rank(group_rank(ts_mean(shareholders_equity_total_2/cap, 84), industry), 84)",runs/expression-families/2026-04-23-fundamental-model-slow-ratio-equity-cap-structural-follow-up.md,ts_mean[63->84] | ts_rank[252->84]
1b6d3f3ce24e45c1,fundamental_model_slow_ratio_equity_cap_structural_follow_up,fundamental,window,2,56.68,100.0,67.02,9.46,69.92,76.0,10.69,0.0,review,"ts_rank(group_rank(ts_mean(shareholders_equity_total_2/cap, 21), industry), 63)",runs/expression-families/2026-04-23-fundamental-model-slow-ratio-equity-cap-structural-follow-up.md,ts_mean[63->21] | ts_rank[252->63]
1c98d6271ce8dec4,fundamental_model_slow_ratio_equity_cap_structural_follow_up,fundamental,window,2,56.68,100.0,67.02,9.46,69.92,76.0,10.69,0.0,review,"ts_rank(group_rank(ts_mean(shareholders_equity_total_2/cap, 78), industry), 84)",runs/expression-families/2026-04-23-fundamental-model-slow-ratio-equity-cap-structural-follow-up.md,ts_mean[63->78] | ts_rank[252->84]
7df753f904a1d3bf,fundamental_model_slow_ratio_equity_cap_structural_follow_up,fundamental,window,2,56.68,100.0,67.02,9.46,69.92,76.0,10.69,0.0,review,"ts_rank(group_rank(ts_mean(shareholders_equity_total_2/cap, 84), industry), 63)",runs/expression-families/2026-04-23-fundamental-model-slow-ratio-equity-cap-structural-follow-up.md,ts_mean[63->84] | ts_rank[252->63]
a74a9368a33cc87d,fundamental_model_slow_ratio_equity_cap_structural_follow_up,fundamental,window,2,56.68,100.0,67.02,9.46,69.92,76.0,10.69,0.0,review,"ts_rank(group_rank(ts_mean(shareholders_equity_total_2/cap, 72), industry), 63)",runs/expression-families/2026-04-23-fundamental-model-slow-ratio-equity-cap-structural-follow-up.md,ts_mean[63->72] | ts_rank[252->63]
a9b1f81b07a06338,fundamental_model_slow_ratio_equity_cap_structural_follow_up,fundamental,window,2,56.68,100.0,67.02,9.46,69.92,76.0,10.69,0.0,review,"ts_rank(group_rank(ts_mean(shareholders_equity_total_2/cap, 78), industry), 63)",runs/expression-families/2026-04-23-fundamental-model-slow-ratio-equity-cap-structural-follow-up.md,ts_mean[63->78] | ts_rank[252->63]
af330b9cca9bafca,fundamental_model_slow_ratio_equity_cap_structural_follow_up,fundamental,window,2,56.68,100.0,67.02,9.46,69.92,76.0,10.69,0.0,review,"ts_rank(group_rank(ts_mean(shareholders_equity_total_2/cap, 81), industry), 84)",runs/expression-families/2026-04-23-fundamental-model-slow-ratio-equity-cap-structural-follow-up.md,ts_mean[63->81] | ts_rank[252->84]
b55ef0dfe2758811,fundamental_model_slow_ratio_equity_cap_structural_follow_up,fundamental,window,2,56.68,100.0,67.02,9.46,69.92,76.0,10.69,0.0,review,"ts_rank(group_rank(ts_mean(shareholders_equity_total_2/cap, 81), industry), 63)",runs/expression-families/2026-04-23-fundamental-model-slow-ratio-equity-cap-structural-follow-up.md,ts_mean[63->81] | ts_rank[252->63]
c0c2034ab144bcd0,fundamental_model_slow_ratio_equity_cap_structural_follow_up,fundamental,window,2,56.68,100.0,67.02,9.46,69.92,76.0,10.69,0.0,review,"ts_rank(group_rank(ts_mean(shareholders_equity_total_2/cap, 21), industry), 84)",runs/expression-families/2026-04-23-fundamental-model-slow-ratio-equity-cap-structural-follow-up.md,ts_mean[63->21] | ts_rank[252->84]
2fd7614b58eacf71,fundamental_model_slow_ratio_equity_cap_structural_follow_up,fundamental,window,1,56.65,100.0,63.33,11.65,71.36,76.0,10.38,0.0,review,"ts_rank(group_rank(ts_mean(shareholders_equity_total_2/cap, 78), industry), 252)",runs/expression-families/2026-04-23-fundamental-model-slow-ratio-equity-cap-structural-follow-up.md,ts_mean[63->78]
5a6106f810edee1b,fundamental_model_slow_ratio_equity_cap_structural_follow_up,fundamental,window,1,56.65,100.0,63.33,11.65,71.36,76.0,10.38,0.0,review,"ts_rank(group_rank(ts_mean(shareholders_equity_total_2/cap, 21), industry), 252)",runs/expression-families/2026-04-23-fundamental-model-slow-ratio-equity-cap-structural-follow-up.md,ts_mean[63->21]
9f392f97cbb6b908,fundamental_model_slow_ratio_equity_cap_structural_follow_up,fundamental,window,1,56.65,100.0,63.33,11.65,71.36,76.0,10.38,0.0,review,"ts_rank(group_rank(ts_mean(shareholders_equity_total_2/cap, 84), industry), 252)",runs/expression-families/2026-04-23-fundamental-model-slow-ratio-equity-cap-structural-follow-up.md,ts_mean[63->84]
aff5e1405bd6c915,fundamental_model_slow_ratio_equity_cap_structural_follow_up,fundamental,window,1,56.65,100.0,63.33,11.65,71.36,76.0,10.38,0.0,review,"ts_rank(group_rank(ts_mean(shareholders_equity_total_2/cap, 81), industry), 252)",runs/expression-families/2026-04-23-fundamental-model-slow-ratio-equity-cap-structural-follow-up.md,ts_mean[63->81]
d2d45c0f7c2cda63,fundamental_model_slow_ratio_equity_cap_structural_follow_up,fundamental,window,1,56.65,100.0,63.33,11.65,71.36,76.0,10.38,0.0,review,"ts_rank(group_rank(ts_mean(shareholders_equity_total_2/cap, 72), industry), 252)",runs/expression-families/2026-04-23-fundamental-model-slow-ratio-equity-cap-structural-follow-up.md,ts_mean[63->72]
1757210191419c1c,fundamental_model_slow_ratio_equity_cap_structural_follow_up,fundamental,window,2,56.65,100.0,65.55,10.36,70.5,76.0,10.69,0.0,review,"ts_rank(group_rank(ts_mean(shareholders_equity_total_2/cap, 30), industry), 78)",runs/expression-families/2026-04-23-fundamental-model-slow-ratio-equity-cap-structural-follow-up.md,ts_mean[63->30] | ts_rank[252->78]
2dff63ebff02c19e,fundamental_model_slow_ratio_equity_cap_structural_follow_up,fundamental,window,2,56.65,100.0,65.55,10.36,70.5,76.0,10.69,0.0,review,"ts_rank(group_rank(ts_mean(shareholders_equity_total_2/cap, 5), industry), 126)",runs/expression-families/2026-04-23-fundamental-model-slow-ratio-equity-cap-structural-follow-up.md,ts_mean[63->5] | ts_rank[252->126]
677674a8bf3f82a8,fundamental_model_slow_ratio_equity_cap_structural_follow_up,fundamental,window,2,56.65,100.0,65.55,10.36,70.5,76.0,10.69,0.0,review,"ts_rank(group_rank(ts_mean(shareholders_equity_total_2/cap, 10), industry), 81)",runs/expression-families/2026-04-23-fundamental-model-slow-ratio-equity-cap-structural-follow-up.md,ts_mean[63->10] | ts_rank[252->81]
6ce3a3839252f957,fundamental_model_slow_ratio_equity_cap_structural_follow_up,fundamental,window,2,56.65,100.0,65.55,10.36,70.5,76.0,10.69,0.0,review,"ts_rank(group_rank(ts_mean(shareholders_equity_total_2/cap, 20), industry), 81)",runs/expression-families/2026-04-23-fundamental-model-slow-ratio-equity-cap-structural-follow-up.md,ts_mean[63->20] | ts_rank[252->81]
d12a8bb679b3c9fd,fundamental_model_slow_ratio_equity_cap_structural_follow_up,fundamental,window,2,56.65,100.0,65.55,10.36,70.5,76.0,10.69,0.0,review,"ts_rank(group_rank(ts_mean(shareholders_equity_total_2/cap, 20), industry), 78)",runs/expression-families/2026-04-23-fundamental-model-slow-ratio-equity-cap-structural-follow-up.md,ts_mean[63->20] | ts_rank[252->78]
e0629641c0b04201,fundamental_model_slow_ratio_equity_cap_structural_follow_up,fundamental,window,2,56.65,100.0,65.55,10.36,70.5,76.0,10.69,0.0,review,"ts_rank(group_rank(ts_mean(shareholders_equity_total_2/cap, 30), industry), 81)",runs/expression-families/2026-04-23-fundamental-model-slow-ratio-equity-cap-structural-follow-up.md,ts_mean[63->30] | ts_rank[252->81]
e60b9b0ff7b9a7f4,fundamental_model_slow_ratio_equity_cap_structural_follow_up,fundamental,window,2,56.65,100.0,65.55,10.36,70.5,76.0,10.69,0.0,review,"ts_rank(group_rank(ts_mean(shareholders_equity_total_2/cap, 10), industry), 78)",runs/expression-families/2026-04-23-fundamental-model-slow-ratio-equity-cap-structural-follow-up.md,ts_mean[63->10] | ts_rank[252->78]
038e74fc569d5e32,fundamental_model_slow_ratio_equity_cap_structural_follow_up,fundamental,window,2,56.64,100.0,67.02,10.36,69.92,76.0,11.67,0.0,review,"ts_rank(group_rank(ts_mean(shareholders_equity_total_2/cap, 21), industry), 10)",runs/expression-families/2026-04-23-fundamental-model-slow-ratio-equity-cap-structural-follow-up.md,ts_mean[63->21] | ts_rank[252->10]
048346f0c23213f6,fundamental_model_slow_ratio_equity_cap_structural_follow_up,fundamental,window,2,56.64,100.0,67.02,10.36,69.92,76.0,11.67,0.0,review,"ts_rank(group_rank(ts_mean(shareholders_equity_total_2/cap, 81), industry), 30)",runs/expression-families/2026-04-23-fundamental-model-slow-ratio-equity-cap-structural-follow-up.md,ts_mean[63->81] | ts_rank[252->30]
2c3c9dc8823cc0a1,fundamental_model_slow_ratio_equity_cap_structural_follow_up,fundamental,window,2,56.64,100.0,67.02,10.36,69.92,76.0,11.67,0.0,review,"ts_rank(group_rank(ts_mean(shareholders_equity_total_2/cap, 84), industry), 30)",runs/expression-families/2026-04-23-fundamental-model-slow-ratio-equity-cap-structural-follow-up.md,ts_mean[63->84] | ts_rank[252->30]
4bafe9ae1f12a3e2,fundamental_model_slow_ratio_equity_cap_structural_follow_up,fundamental,window,2,56.64,100.0,67.02,10.36,69.92,76.0,11.67,0.0,review,"ts_rank(group_rank(ts_mean(shareholders_equity_total_2/cap, 81), industry), 10)",runs/expression-families/2026-04-23-fundamental-model-slow-ratio-equity-cap-structural-follow-up.md,ts_mean[63->81] | ts_rank[252->10]
4ee8f66c5c2eee30,fundamental_model_slow_ratio_equity_cap_structural_follow_up,fundamental,window,2,56.64,100.0,67.02,10.36,69.92,76.0,11.67,0.0,review,"ts_rank(group_rank(ts_mean(shareholders_equity_total_2/cap, 72), industry), 30)",runs/expression-families/2026-04-23-fundamental-model-slow-ratio-equity-cap-structural-follow-up.md,ts_mean[63->72] | ts_rank[252->30]
8f388a12acf81e28,fundamental_model_slow_ratio_equity_cap_structural_follow_up,fundamental,window,2,56.64,100.0,67.02,10.36,69.92,76.0,11.67,0.0,review,"ts_rank(group_rank(ts_mean(shareholders_equity_total_2/cap, 21), industry), 30)",runs/expression-families/2026-04-23-fundamental-model-slow-ratio-equity-cap-structural-follow-up.md,ts_mean[63->21] | ts_rank[252->30]
9d75a60c410814e8,fundamental_model_slow_ratio_equity_cap_structural_follow_up,fundamental,window,2,56.64,100.0,67.02,10.36,69.92,76.0,11.67,0.0,review,"ts_rank(group_rank(ts_mean(shareholders_equity_total_2/cap, 72), industry), 10)",runs/expression-families/2026-04-23-fundamental-model-slow-ratio-equity-cap-structural-follow-up.md,ts_mean[63->72] | ts_rank[252->10]
def8af120b3e2d60,fundamental_model_slow_ratio_equity_cap_structural_follow_up,fundamental,window,2,56.64,100.0,67.02,10.36,69.92,76.0,11.67,0.0,review,"ts_rank(group_rank(ts_mean(shareholders_equity_total_2/cap, 84), industry), 10)",runs/expression-families/2026-04-23-fundamental-model-slow-ratio-equity-cap-structural-follow-up.md,ts_mean[63->84] | ts_rank[252->10]
ecd61a7416bb70a6,fundamental_model_slow_ratio_equity_cap_structural_follow_up,fundamental,window,2,56.64,100.0,67.02,10.36,69.92,76.0,11.67,0.0,review,"ts_rank(group_rank(ts_mean(shareholders_equity_total_2/cap, 78), industry), 10)",runs/expression-families/2026-04-23-fundamental-model-slow-ratio-equity-cap-structural-follow-up.md,ts_mean[63->78] | ts_rank[252->10]
f9fe3e63323a6122,fundamental_model_slow_ratio_equity_cap_structural_follow_up,fundamental,window,2,56.64,100.0,67.02,10.36,69.92,76.0,11.67,0.0,review,"ts_rank(group_rank(ts_mean(shareholders_equity_total_2/cap, 78), industry), 30)",runs/expression-families/2026-04-23-fundamental-model-slow-ratio-equity-cap-structural-follow-up.md,ts_mean[63->78] | ts_rank[252->30]
19d41dec99a5811e,fundamental_model_slow_ratio_equity_cap_structural_follow_up,fundamental,window,2,56.62,100.0,64.08,11.26,71.07,76.0,10.69,0.0,review,"ts_rank(group_rank(ts_mean(shareholders_equity_total_2/cap, 20), industry), 72)",runs/expression-families/2026-04-23-fundamental-model-slow-ratio-equity-cap-structural-follow-up.md,ts_mean[63->20] | ts_rank[252->72]
1a682d3b02653745,fundamental_model_slow_ratio_equity_cap_structural_follow_up,fundamental,window,2,56.62,100.0,64.08,11.26,71.07,76.0,10.69,0.0,review,"ts_rank(group_rank(ts_mean(shareholders_equity_total_2/cap, 10), industry), 21)",runs/expression-families/2026-04-23-fundamental-model-slow-ratio-equity-cap-structural-follow-up.md,ts_mean[63->10] | ts_rank[252->21]
1c62de6511c168bf,fundamental_model_slow_ratio_equity_cap_structural_follow_up,fundamental,window,2,56.62,100.0,64.08,11.26,71.07,76.0,10.69,0.0,review,"ts_rank(group_rank(ts_mean(shareholders_equity_total_2/cap, 10), industry), 72)",runs/expression-families/2026-04-23-fundamental-model-slow-ratio-equity-cap-structural-follow-up.md,ts_mean[63->10] | ts_rank[252->72]
5761b7424fc4fcad,fundamental_model_slow_ratio_equity_cap_structural_follow_up,fundamental,window,2,56.62,100.0,64.08,11.26,71.07,76.0,10.69,0.0,review,"ts_rank(group_rank(ts_mean(shareholders_equity_total_2/cap, 126), industry), 5)",runs/expression-families/2026-04-23-fundamental-model-slow-ratio-equity-cap-structural-follow-up.md,ts_mean[63->126] | ts_rank[252->5]
6c84a14b773b1338,fundamental_model_slow_ratio_equity_cap_structural_follow_up,fundamental,window,2,56.62,100.0,64.08,11.26,71.07,76.0,10.69,0.0,review,"ts_rank(group_rank(ts_mean(shareholders_equity_total_2/cap, 30), industry), 72)",runs/expression-families/2026-04-23-fundamental-model-slow-ratio-equity-cap-structural-follow-up.md,ts_mean[63->30] | ts_rank[252->72]
6f490f08e68badcb,fundamental_model_slow_ratio_equity_cap_structural_follow_up,fundamental,window,2,56.62,100.0,64.08,11.26,71.07,76.0,10.69,0.0,review,"ts_rank(group_rank(ts_mean(shareholders_equity_total_2/cap, 20), industry), 21)",runs/expression-families/2026-04-23-fundamental-model-slow-ratio-equity-cap-structural-follow-up.md,ts_mean[63->20] | ts_rank[252->21]
753a0a9707c668d0,fundamental_model_slow_ratio_equity_cap_structural_follow_up,fundamental,window,2,56.62,100.0,64.08,11.26,71.07,76.0,10.69,0.0,review,"ts_rank(group_rank(ts_mean(shareholders_equity_total_2/cap, 30), industry), 21)",runs/expression-families/2026-04-23-fundamental-model-slow-ratio-equity-cap-structural-follow-up.md,ts_mean[63->30] | ts_rank[252->21]
d3b01e89cb550220,fundamental_model_slow_ratio_equity_cap_structural_follow_up,fundamental,window,2,56.62,100.0,64.08,11.26,71.07,76.0,10.69,0.0,review,"ts_rank(group_rank(ts_mean(shareholders_equity_total_2/cap, 504), industry), 5)",runs/expression-families/2026-04-23-fundamental-model-slow-ratio-equity-cap-structural-follow-up.md,ts_rank[252->5] | ts_mean[63->504]
7f737c912980b5fb,fundamental_model_slow_ratio_equity_cap_structural_follow_up,fundamental,window,2,56.61,100.0,66.32,9.96,70.2,76.0,11.01,0.0,review,"ts_rank(group_rank(ts_mean(shareholders_equity_total_2/cap, 5), industry), 78)",runs/expression-families/2026-04-23-fundamental-model-slow-ratio-equity-cap-structural-follow-up.md,ts_mean[63->5] | ts_rank[252->78]
eff629806bbbb443,fundamental_model_slow_ratio_equity_cap_structural_follow_up,fundamental,window,2,56.61,100.0,66.32,9.96,70.2,76.0,11.01,0.0,review,"ts_rank(group_rank(ts_mean(shareholders_equity_total_2/cap, 5), industry), 81)",runs/expression-families/2026-04-23-fundamental-model-slow-ratio-equity-cap-structural-follow-up.md,ts_mean[63->5] | ts_rank[252->81]
62b822a1f0ae805f,fundamental_model_slow_ratio_equity_cap_structural_follow_up,fundamental,window,2,56.58,100.0,64.84,10.86,70.77,76.0,11.01,0.0,review,"ts_rank(group_rank(ts_mean(shareholders_equity_total_2/cap, 81), industry), 5)",runs/expression-families/2026-04-23-fundamental-model-slow-ratio-equity-cap-structural-follow-up.md,ts_mean[63->81] | ts_rank[252->5]
6d1e018883a41878,fundamental_model_slow_ratio_equity_cap_structural_follow_up,fundamental,window,2,56.58,100.0,64.84,10.86,70.77,76.0,11.01,0.0,review,"ts_rank(group_rank(ts_mean(shareholders_equity_total_2/cap, 78), industry), 5)",runs/expression-families/2026-04-23-fundamental-model-slow-ratio-equity-cap-structural-follow-up.md,ts_mean[63->78] | ts_rank[252->5]
8ba43d19175285cc,fundamental_model_slow_ratio_equity_cap_structural_follow_up,fundamental,window,2,56.58,100.0,64.84,10.86,70.77,76.0,11.01,0.0,review,"ts_rank(group_rank(ts_mean(shareholders_equity_total_2/cap, 5), industry), 21)",runs/expression-families/2026-04-23-fundamental-model-slow-ratio-equity-cap-structural-follow-up.md,ts_mean[63->5] | ts_rank[252->21]
a7031c104782a118,fundamental_model_slow_ratio_equity_cap_structural_follow_up,fundamental,window,2,56.58,100.0,64.84,10.86,70.77,76.0,11.01,0.0,review,"ts_rank(group_rank(ts_mean(shareholders_equity_total_2/cap, 84), industry), 5)",runs/expression-families/2026-04-23-fundamental-model-slow-ratio-equity-cap-structural-follow-up.md,ts_mean[63->84] | ts_rank[252->5]
ab70304745ed04ea,fundamental_model_slow_ratio_equity_cap_structural_follow_up,fundamental,window,2,56.58,100.0,64.84,10.86,70.77,76.0,11.01,0.0,review,"ts_rank(group_rank(ts_mean(shareholders_equity_total_2/cap, 72), industry), 5)",runs/expression-families/2026-04-23-fundamental-model-slow-ratio-equity-cap-structural-follow-up.md,ts_mean[63->72] | ts_rank[252->5]
b859d5e0fb7f8298,fundamental_model_slow_ratio_equity_cap_structural_follow_up,fundamental,window,2,56.58,100.0,64.84,10.86,70.77,76.0,11.01,0.0,review,"ts_rank(group_rank(ts_mean(shareholders_equity_total_2/cap, 21), industry), 5)",runs/expression-families/2026-04-23-fundamental-model-slow-ratio-equity-cap-structural-follow-up.md,ts_mean[63->21] | ts_rank[252->5]
cd94f098cb11e7cb,fundamental_model_slow_ratio_equity_cap_structural_follow_up,fundamental,window,2,56.58,100.0,64.84,10.86,70.77,76.0,11.01,0.0,review,"ts_rank(group_rank(ts_mean(shareholders_equity_total_2/cap, 5), industry), 72)",runs/expression-families/2026-04-23-fundamental-model-slow-ratio-equity-cap-structural-follow-up.md,ts_mean[63->5] | ts_rank[252->72]
3701269ee1fdb413,fundamental_model_slow_ratio_equity_cap_structural_follow_up,fundamental,group+window,2,56.54,100.0,67.27,9.1,69.83,76.0,11.19,0.0,review,"ts_rank(group_rank(ts_mean(shareholders_equity_total_2/cap, 90), subindustry), 90)",runs/expression-families/2026-04-23-fundamental-model-slow-ratio-equity-cap-structural-follow-up.md,group[industry->subindustry] | ts_rank[252->90]
bd2306c8cc0e6d45,fundamental_model_slow_ratio_equity_cap_structural_follow_up,fundamental,group+window,2,56.54,100.0,67.27,9.1,69.83,76.0,11.19,0.0,review,"ts_rank(group_rank(ts_mean(shareholders_equity_total_2/cap, 63), subindustry), 90)",runs/expression-families/2026-04-23-fundamental-model-slow-ratio-equity-cap-structural-follow-up.md,group[industry->subindustry] | ts_rank[252->90]
b99b8f51cbd84c2e,fundamental_model_slow_ratio_equity_cap_structural_follow_up,fundamental,window,2,56.51,100.0,67.71,9.87,69.66,76.0,12.32,0.0,review,"ts_rank(group_rank(ts_mean(shareholders_equity_total_2/cap, 252), industry), 90)",runs/expression-families/2026-04-23-fundamental-model-slow-ratio-equity-cap-structural-follow-up.md,ts_rank[252->90] | ts_mean[63->252]
2ca61efd3ba9d843,fundamental_model_slow_ratio_equity_cap_structural_follow_up,fundamental,window,1,56.49,100.0,63.33,10.76,71.36,76.0,10.38,0.0,review,"ts_rank(group_rank(ts_mean(shareholders_equity_total_2/cap, 63), industry), 126)",runs/expression-families/2026-04-23-fundamental-model-slow-ratio-equity-cap-structural-follow-up.md,ts_rank[252->126]
fc2afa109009d000,fundamental_model_slow_ratio_equity_cap_structural_follow_up,fundamental,window,2,56.49,100.0,63.33,10.76,71.36,76.0,10.38,0.0,review,"ts_rank(group_rank(ts_mean(shareholders_equity_total_2/cap, 90), industry), 126)",runs/expression-families/2026-04-23-fundamental-model-slow-ratio-equity-cap-structural-follow-up.md,ts_mean[63->90] | ts_rank[252->126]
36271e6443fc81c8,fundamental_model_slow_ratio_equity_cap_structural_follow_up,fundamental,window,2,56.49,100.0,64.79,10.76,70.79,76.0,11.35,0.0,review,"ts_rank(group_rank(ts_mean(shareholders_equity_total_2/cap, 10), industry), 504)",runs/expression-families/2026-04-23-fundamental-model-slow-ratio-equity-cap-structural-follow-up.md,ts_mean[63->10] | ts_rank[252->504]
423d73a72aaae700,fundamental_model_slow_ratio_equity_cap_structural_follow_up,fundamental,window,2,56.49,100.0,64.79,10.76,70.79,76.0,11.35,0.0,review,"ts_rank(group_rank(ts_mean(shareholders_equity_total_2/cap, 504), industry), 20)",runs/expression-families/2026-04-23-fundamental-model-slow-ratio-equity-cap-structural-follow-up.md,ts_rank[252->20] | ts_mean[63->504]
811d33e02d5f494c,fundamental_model_slow_ratio_equity_cap_structural_follow_up,fundamental,window,2,56.49,100.0,64.79,10.76,70.79,76.0,11.35,0.0,review,"ts_rank(group_rank(ts_mean(shareholders_equity_total_2/cap, 20), industry), 504)",runs/expression-families/2026-04-23-fundamental-model-slow-ratio-equity-cap-structural-follow-up.md,ts_mean[63->20] | ts_rank[252->504]
b736fb2272b74ca7,fundamental_model_slow_ratio_equity_cap_structural_follow_up,fundamental,window,2,56.49,100.0,64.79,10.76,70.79,76.0,11.35,0.0,review,"ts_rank(group_rank(ts_mean(shareholders_equity_total_2/cap, 30), industry), 504)",runs/expression-families/2026-04-23-fundamental-model-slow-ratio-equity-cap-structural-follow-up.md,ts_mean[63->30] | ts_rank[252->504]
cc3231b524ac00f2,fundamental_model_slow_ratio_equity_cap_structural_follow_up,fundamental,window,2,56.49,100.0,64.79,10.76,70.79,76.0,11.35,0.0,review,"ts_rank(group_rank(ts_mean(shareholders_equity_total_2/cap, 126), industry), 20)",runs/expression-families/2026-04-23-fundamental-model-slow-ratio-equity-cap-structural-follow-up.md,ts_mean[63->126] | ts_rank[252->20]
195ddd7686af34ea,fundamental_model_slow_ratio_equity_cap_structural_follow_up,fundamental,window,2,56.48,100.0,65.55,9.46,70.5,76.0,10.69,0.0,review,"ts_rank(group_rank(ts_mean(shareholders_equity_total_2/cap, 20), industry), 63)",runs/expression-families/2026-04-23-fundamental-model-slow-ratio-equity-cap-structural-follow-up.md,ts_mean[63->20] | ts_rank[252->63]
30ca724326e860a1,fundamental_model_slow_ratio_equity_cap_structural_follow_up,fundamental,window,2,56.48,100.0,65.55,9.46,70.5,76.0,10.69,0.0,review,"ts_rank(group_rank(ts_mean(shareholders_equity_total_2/cap, 10), industry), 84)",runs/expression-families/2026-04-23-fundamental-model-slow-ratio-equity-cap-structural-follow-up.md,ts_mean[63->10] | ts_rank[252->84]
58fb9726ed639ffc,fundamental_model_slow_ratio_equity_cap_structural_follow_up,fundamental,window,2,56.48,100.0,65.55,9.46,70.5,76.0,10.69,0.0,review,"ts_rank(group_rank(ts_mean(shareholders_equity_total_2/cap, 10), industry), 63)",runs/expression-families/2026-04-23-fundamental-model-slow-ratio-equity-cap-structural-follow-up.md,ts_mean[63->10] | ts_rank[252->63]
631b5ce0f50b5be1,fundamental_model_slow_ratio_equity_cap_structural_follow_up,fundamental,window,2,56.48,100.0,65.55,9.46,70.5,76.0,10.69,0.0,review,"ts_rank(group_rank(ts_mean(shareholders_equity_total_2/cap, 30), industry), 84)",runs/expression-families/2026-04-23-fundamental-model-slow-ratio-equity-cap-structural-follow-up.md,ts_mean[63->30] | ts_rank[252->84]
9efafa8537521904,fundamental_model_slow_ratio_equity_cap_structural_follow_up,fundamental,window,2,56.48,100.0,65.55,9.46,70.5,76.0,10.69,0.0,review,"ts_rank(group_rank(ts_mean(shareholders_equity_total_2/cap, 20), industry), 84)",runs/expression-families/2026-04-23-fundamental-model-slow-ratio-equity-cap-structural-follow-up.md,ts_mean[63->20] | ts_rank[252->84]
c7e11cc2860ea44c,fundamental_model_slow_ratio_equity_cap_structural_follow_up,fundamental,window,2,56.48,100.0,65.55,9.46,70.5,76.0,10.69,0.0,review,"ts_rank(group_rank(ts_mean(shareholders_equity_total_2/cap, 30), industry), 63)",runs/expression-families/2026-04-23-fundamental-model-slow-ratio-equity-cap-structural-follow-up.md,ts_mean[63->30] | ts_rank[252->63]
13251682b94f7f85,fundamental_model_slow_ratio_equity_cap_structural_follow_up,fundamental,window,1,56.46,100.0,61.86,11.65,71.93,76.0,10.38,0.0,review,"ts_rank(group_rank(ts_mean(shareholders_equity_total_2/cap, 30), industry), 252)",runs/expression-families/2026-04-23-fundamental-model-slow-ratio-equity-cap-structural-follow-up.md,ts_mean[63->30]
9fc6da34d1ffde29,fundamental_model_slow_ratio_equity_cap_structural_follow_up,fundamental,window,1,56.46,100.0,61.86,11.65,71.93,76.0,10.38,0.0,review,"ts_rank(group_rank(ts_mean(shareholders_equity_total_2/cap, 20), industry), 252)",runs/expression-families/2026-04-23-fundamental-model-slow-ratio-equity-cap-structural-follow-up.md,ts_mean[63->20]
e97f3619a59081c3,fundamental_model_slow_ratio_equity_cap_structural_follow_up,fundamental,window,1,56.46,100.0,61.86,11.65,71.93,76.0,10.38,0.0,review,"ts_rank(group_rank(ts_mean(shareholders_equity_total_2/cap, 10), industry), 252)",runs/expression-families/2026-04-23-fundamental-model-slow-ratio-equity-cap-structural-follow-up.md,ts_mean[63->10]
2338a7be0994bfbe,fundamental_model_slow_ratio_equity_cap_structural_follow_up,fundamental,window,1,56.45,100.0,64.08,10.36,71.07,76.0,10.69,0.0,review,"ts_rank(group_rank(ts_mean(shareholders_equity_total_2/cap, 63), industry), 78)",runs/expression-families/2026-04-23-fundamental-model-slow-ratio-equity-cap-structural-follow-up.md,ts_rank[252->78]
ee407dd45d9db897,fundamental_model_slow_ratio_equity_cap_structural_follow_up,fundamental,window,1,56.45,100.0,64.08,10.36,71.07,76.0,10.69,0.0,review,"ts_rank(group_rank(ts_mean(shareholders_equity_total_2/cap, 63), industry), 81)",runs/expression-families/2026-04-23-fundamental-model-slow-ratio-equity-cap-structural-follow-up.md,ts_rank[252->81]
03bf07fa424d53e4,fundamental_model_slow_ratio_equity_cap_structural_follow_up,fundamental,window,2,56.45,100.0,64.08,10.36,71.07,76.0,10.69,0.0,review,"ts_rank(group_rank(ts_mean(shareholders_equity_total_2/cap, 90), industry), 78)",runs/expression-families/2026-04-23-fundamental-model-slow-ratio-equity-cap-structural-follow-up.md,ts_mean[63->90] | ts_rank[252->78]
6f66abf18436efde,fundamental_model_slow_ratio_equity_cap_structural_follow_up,fundamental,window,2,56.45,100.0,64.08,10.36,71.07,76.0,10.69,0.0,review,"ts_rank(group_rank(ts_mean(shareholders_equity_total_2/cap, 90), industry), 81)",runs/expression-families/2026-04-23-fundamental-model-slow-ratio-equity-cap-structural-follow-up.md,ts_mean[63->90] | ts_rank[252->81]
0fdba79d702c992c,fundamental_model_slow_ratio_equity_cap_structural_follow_up,fundamental,window,2,56.45,100.0,65.55,10.36,70.5,76.0,11.67,0.0,review,"ts_rank(group_rank(ts_mean(shareholders_equity_total_2/cap, 20), industry), 30)",runs/expression-families/2026-04-23-fundamental-model-slow-ratio-equity-cap-structural-follow-up.md,ts_mean[63->20] | ts_rank[252->30]
11fa1590af4710d9,fundamental_model_slow_ratio_equity_cap_structural_follow_up,fundamental,window,2,56.45,100.0,65.55,10.36,70.5,76.0,11.67,0.0,review,"ts_rank(group_rank(ts_mean(shareholders_equity_total_2/cap, 10), industry), 10)",runs/expression-families/2026-04-23-fundamental-model-slow-ratio-equity-cap-structural-follow-up.md,ts_mean[63->10] | ts_rank[252->10]
16876e5a3c634716,fundamental_model_slow_ratio_equity_cap_structural_follow_up,fundamental,window,2,56.45,100.0,65.55,10.36,70.5,76.0,11.67,0.0,review,"ts_rank(group_rank(ts_mean(shareholders_equity_total_2/cap, 72), industry), 20)",runs/expression-families/2026-04-23-fundamental-model-slow-ratio-equity-cap-structural-follow-up.md,ts_mean[63->72] | ts_rank[252->20]
3c125739640c7c1f,fundamental_model_slow_ratio_equity_cap_structural_follow_up,fundamental,window,2,56.45,100.0,65.55,10.36,70.5,76.0,11.67,0.0,review,"ts_rank(group_rank(ts_mean(shareholders_equity_total_2/cap, 30), industry), 10)",runs/expression-families/2026-04-23-fundamental-model-slow-ratio-equity-cap-structural-follow-up.md,ts_mean[63->30] | ts_rank[252->10]
57b999148630c26b,fundamental_model_slow_ratio_equity_cap_structural_follow_up,fundamental,window,2,56.45,100.0,65.55,10.36,70.5,76.0,11.67,0.0,review,"ts_rank(group_rank(ts_mean(shareholders_equity_total_2/cap, 10), industry), 30)",runs/expression-families/2026-04-23-fundamental-model-slow-ratio-equity-cap-structural-follow-up.md,ts_mean[63->10] | ts_rank[252->30]
8a8bb9fad7d2fde6,fundamental_model_slow_ratio_equity_cap_structural_follow_up,fundamental,window,2,56.45,100.0,65.55,10.36,70.5,76.0,11.67,0.0,review,"ts_rank(group_rank(ts_mean(shareholders_equity_total_2/cap, 5), industry), 504)",runs/expression-families/2026-04-23-fundamental-model-slow-ratio-equity-cap-structural-follow-up.md,ts_mean[63->5] | ts_rank[252->504]
a6c4e57e27a1e89d,fundamental_model_slow_ratio_equity_cap_structural_follow_up,fundamental,window,2,56.45,100.0,65.55,10.36,70.5,76.0,11.67,0.0,review,"ts_rank(group_rank(ts_mean(shareholders_equity_total_2/cap, 78), industry), 20)",runs/expression-families/2026-04-23-fundamental-model-slow-ratio-equity-cap-structural-follow-up.md,ts_mean[63->78] | ts_rank[252->20]
acca06cae77d1f6e,fundamental_model_slow_ratio_equity_cap_structural_follow_up,fundamental,window,2,56.45,100.0,65.55,10.36,70.5,76.0,11.67,0.0,review,"ts_rank(group_rank(ts_mean(shareholders_equity_total_2/cap, 84), industry), 20)",runs/expression-families/2026-04-23-fundamental-model-slow-ratio-equity-cap-structural-follow-up.md,ts_mean[63->84] | ts_rank[252->20]
cb7e5c1b6d797d7f,fundamental_model_slow_ratio_equity_cap_structural_follow_up,fundamental,window,2,56.45,100.0,65.55,10.36,70.5,76.0,11.67,0.0,review,"ts_rank(group_rank(ts_mean(shareholders_equity_total_2/cap, 81), industry), 20)",runs/expression-families/2026-04-23-fundamental-model-slow-ratio-equity-cap-structural-follow-up.md,ts_mean[63->81] | ts_rank[252->20]
cf7030d91a0a6bde,fundamental_model_slow_ratio_equity_cap_structural_follow_up,fundamental,window,2,56.45,100.0,65.55,10.36,70.5,76.0,11.67,0.0,review,"ts_rank(group_rank(ts_mean(shareholders_equity_total_2/cap, 21), industry), 20)",runs/expression-families/2026-04-23-fundamental-model-slow-ratio-equity-cap-structural-follow-up.md,ts_mean[63->21] | ts_rank[252->20]
decdc748053f792e,fundamental_model_slow_ratio_equity_cap_structural_follow_up,fundamental,window,2,56.45,100.0,65.55,10.36,70.5,76.0,11.67,0.0,review,"ts_rank(group_rank(ts_mean(shareholders_equity_total_2/cap, 20), industry), 10)",runs/expression-families/2026-04-23-fundamental-model-slow-ratio-equity-cap-structural-follow-up.md,ts_mean[63->20] | ts_rank[252->10]
fe3921a6b0732e85,fundamental_model_slow_ratio_equity_cap_structural_follow_up,fundamental,window,2,56.45,100.0,65.55,10.36,70.5,76.0,11.67,0.0,review,"ts_rank(group_rank(ts_mean(shareholders_equity_total_2/cap, 30), industry), 30)",runs/expression-families/2026-04-23-fundamental-model-slow-ratio-equity-cap-structural-follow-up.md,ts_mean[63->30] | ts_rank[252->30]
6f7605ae7e9ed7fb,fundamental_model_slow_ratio_equity_cap_structural_follow_up,fundamental,window,2,56.45,100.0,66.32,9.05,70.2,76.0,11.01,0.0,review,"ts_rank(group_rank(ts_mean(shareholders_equity_total_2/cap, 5), industry), 84)",runs/expression-families/2026-04-23-fundamental-model-slow-ratio-equity-cap-structural-follow-up.md,ts_mean[63->5] | ts_rank[252->84]
b70d035f4bb15701,fundamental_model_slow_ratio_equity_cap_structural_follow_up,fundamental,window,2,56.45,100.0,66.32,9.05,70.2,76.0,11.01,0.0,review,"ts_rank(group_rank(ts_mean(shareholders_equity_total_2/cap, 5), industry), 63)",runs/expression-families/2026-04-23-fundamental-model-slow-ratio-equity-cap-structural-follow-up.md,ts_mean[63->5] | ts_rank[252->63]
3e2d1cdd8b54c534,fundamental_model_slow_ratio_equity_cap_structural_follow_up,fundamental,window,1,56.42,100.0,62.61,11.26,71.64,76.0,10.69,0.0,review,"ts_rank(group_rank(ts_mean(shareholders_equity_total_2/cap, 63), industry), 21)",runs/expression-families/2026-04-23-fundamental-model-slow-ratio-equity-cap-structural-follow-up.md,ts_rank[252->21]
7832e99ea905e0e3,fundamental_model_slow_ratio_equity_cap_structural_follow_up,fundamental,window,1,56.42,100.0,62.61,11.26,71.64,76.0,10.69,0.0,review,"ts_rank(group_rank(ts_mean(shareholders_equity_total_2/cap, 63), industry), 72)",runs/expression-families/2026-04-23-fundamental-model-slow-ratio-equity-cap-structural-follow-up.md,ts_rank[252->72]
d5279072ecba4705,fundamental_model_slow_ratio_equity_cap_structural_follow_up,fundamental,window,1,56.42,100.0,62.61,11.26,71.64,76.0,10.69,0.0,review,"ts_rank(group_rank(ts_mean(shareholders_equity_total_2/cap, 5), industry), 252)",runs/expression-families/2026-04-23-fundamental-model-slow-ratio-equity-cap-structural-follow-up.md,ts_mean[63->5]
ead158af1ca8bb7a,fundamental_model_slow_ratio_equity_cap_structural_follow_up,fundamental,window,2,56.42,100.0,62.61,11.26,71.64,76.0,10.69,0.0,review,"ts_rank(group_rank(ts_mean(shareholders_equity_total_2/cap, 90), industry), 72)",runs/expression-families/2026-04-23-fundamental-model-slow-ratio-equity-cap-structural-follow-up.md,ts_mean[63->90] | ts_rank[252->72]
ff5fe9c04b32fa80,fundamental_model_slow_ratio_equity_cap_structural_follow_up,fundamental,window,2,56.42,100.0,62.61,11.26,71.64,76.0,10.69,0.0,review,"ts_rank(group_rank(ts_mean(shareholders_equity_total_2/cap, 90), industry), 21)",runs/expression-families/2026-04-23-fundamental-model-slow-ratio-equity-cap-structural-follow-up.md,ts_mean[63->90] | ts_rank[252->21]
035d3a574d1cd431,fundamental_model_slow_ratio_equity_cap_structural_follow_up,fundamental,window,2,56.41,100.0,66.32,9.96,70.2,76.0,12.0,0.0,review,"ts_rank(group_rank(ts_mean(shareholders_equity_total_2/cap, 5), industry), 10)",runs/expression-families/2026-04-23-fundamental-model-slow-ratio-equity-cap-structural-follow-up.md,ts_mean[63->5] | ts_rank[252->10]
0e08625ceab2a65e,fundamental_model_slow_ratio_equity_cap_structural_follow_up,fundamental,window,2,56.41,100.0,66.32,9.96,70.2,76.0,12.0,0.0,review,"ts_rank(group_rank(ts_mean(shareholders_equity_total_2/cap, 5), industry), 30)",runs/expression-families/2026-04-23-fundamental-model-slow-ratio-equity-cap-structural-follow-up.md,ts_mean[63->5] | ts_rank[252->30]
073363ac0e5ed2a2,fundamental_model_slow_ratio_equity_cap_structural_follow_up,fundamental,window,2,56.39,100.0,63.36,10.86,71.35,76.0,11.01,0.0,review,"ts_rank(group_rank(ts_mean(shareholders_equity_total_2/cap, 20), industry), 5)",runs/expression-families/2026-04-23-fundamental-model-slow-ratio-equity-cap-structural-follow-up.md,ts_mean[63->20] | ts_rank[252->5]
3049af331a825a32,fundamental_model_slow_ratio_equity_cap_structural_follow_up,fundamental,window,2,56.39,100.0,63.36,10.86,71.35,76.0,11.01,0.0,review,"ts_rank(group_rank(ts_mean(shareholders_equity_total_2/cap, 10), industry), 5)",runs/expression-families/2026-04-23-fundamental-model-slow-ratio-equity-cap-structural-follow-up.md,ts_mean[63->10] | ts_rank[252->5]
bc2f5b8da746e65c,fundamental_model_slow_ratio_equity_cap_structural_follow_up,fundamental,window,2,56.39,100.0,63.36,10.86,71.35,76.0,11.01,0.0,review,"ts_rank(group_rank(ts_mean(shareholders_equity_total_2/cap, 30), industry), 5)",runs/expression-families/2026-04-23-fundamental-model-slow-ratio-equity-cap-structural-follow-up.md,ts_mean[63->30] | ts_rank[252->5]
ed50cdf2e02283e8,fundamental_model_slow_ratio_equity_cap_structural_follow_up,fundamental,window,2,56.35,100.0,64.13,10.45,71.05,76.0,11.33,0.0,review,"ts_rank(group_rank(ts_mean(shareholders_equity_total_2/cap, 5), industry), 5)",runs/expression-families/2026-04-23-fundamental-model-slow-ratio-equity-cap-structural-follow-up.md,ts_mean[63->5] | ts_rank[252->5]
2cb5bead4c1b6f18,fundamental_model_slow_ratio_equity_cap_structural_follow_up,fundamental,window,2,56.32,100.0,66.25,9.87,70.22,76.0,12.32,0.0,review,"ts_rank(group_rank(ts_mean(shareholders_equity_total_2/cap, 126), industry), 90)",runs/expression-families/2026-04-23-fundamental-model-slow-ratio-equity-cap-structural-follow-up.md,ts_mean[63->126] | ts_rank[252->90]
3213ddc5a2b8e8fe,fundamental_model_slow_ratio_equity_cap_structural_follow_up,fundamental,window,2,56.32,100.0,66.25,9.87,70.22,76.0,12.32,0.0,review,"ts_rank(group_rank(ts_mean(shareholders_equity_total_2/cap, 504), industry), 90)",runs/expression-families/2026-04-23-fundamental-model-slow-ratio-equity-cap-structural-follow-up.md,ts_rank[252->90] | ts_mean[63->504]
61f47350e8158efd,fundamental_model_slow_ratio_equity_cap_structural_follow_up,fundamental,window,1,56.3,100.0,63.33,10.76,71.36,76.0,11.35,0.0,review,"ts_rank(group_rank(ts_mean(shareholders_equity_total_2/cap, 63), industry), 504)",runs/expression-families/2026-04-23-fundamental-model-slow-ratio-equity-cap-structural-follow-up.md,ts_rank[252->504]
f94d31dc542e3fc9,fundamental_model_slow_ratio_equity_cap_structural_follow_up,fundamental,window,2,56.3,100.0,63.33,10.76,71.36,76.0,11.35,0.0,review,"ts_rank(group_rank(ts_mean(shareholders_equity_total_2/cap, 90), industry), 504)",runs/expression-families/2026-04-23-fundamental-model-slow-ratio-equity-cap-structural-follow-up.md,ts_mean[63->90] | ts_rank[252->504]
9dd863e99903502d,fundamental_model_slow_ratio_equity_cap_structural_follow_up,fundamental,window,1,56.29,100.0,64.08,9.46,71.07,76.0,10.69,0.0,review,"ts_rank(group_rank(ts_mean(shareholders_equity_total_2/cap, 63), industry), 63)",runs/expression-families/2026-04-23-fundamental-model-slow-ratio-equity-cap-structural-follow-up.md,ts_rank[252->63]
fa6b099f05a55796,fundamental_model_slow_ratio_equity_cap_structural_follow_up,fundamental,window,1,56.29,100.0,64.08,9.46,71.07,76.0,10.69,0.0,review,"ts_rank(group_rank(ts_mean(shareholders_equity_total_2/cap, 63), industry), 84)",runs/expression-families/2026-04-23-fundamental-model-slow-ratio-equity-cap-structural-follow-up.md,ts_rank[252->84]
4220fb2b0ab3056f,fundamental_model_slow_ratio_equity_cap_structural_follow_up,fundamental,window,2,56.29,100.0,64.08,9.46,71.07,76.0,10.69,0.0,review,"ts_rank(group_rank(ts_mean(shareholders_equity_total_2/cap, 90), industry), 63)",runs/expression-families/2026-04-23-fundamental-model-slow-ratio-equity-cap-structural-follow-up.md,ts_mean[63->90] | ts_rank[252->63]
6bddabf3aad1f36a,fundamental_model_slow_ratio_equity_cap_structural_follow_up,fundamental,window,2,56.29,100.0,64.08,9.46,71.07,76.0,10.69,0.0,review,"ts_rank(group_rank(ts_mean(shareholders_equity_total_2/cap, 90), industry), 84)",runs/expression-families/2026-04-23-fundamental-model-slow-ratio-equity-cap-structural-follow-up.md,ts_mean[63->90] | ts_rank[252->84]
5635d27a96f08043,fundamental_model_slow_ratio_equity_cap_structural_follow_up,fundamental,window,2,56.29,100.0,67.02,9.46,69.92,76.0,12.65,0.0,review,"ts_rank(group_rank(ts_mean(shareholders_equity_total_2/cap, 21), industry), 90)",runs/expression-families/2026-04-23-fundamental-model-slow-ratio-equity-cap-structural-follow-up.md,ts_mean[63->21] | ts_rank[252->90]
5f1ab829d1b4cfcd,fundamental_model_slow_ratio_equity_cap_structural_follow_up,fundamental,window,2,56.29,100.0,67.02,9.46,69.92,76.0,12.65,0.0,review,"ts_rank(group_rank(ts_mean(shareholders_equity_total_2/cap, 81), industry), 90)",runs/expression-families/2026-04-23-fundamental-model-slow-ratio-equity-cap-structural-follow-up.md,ts_mean[63->81] | ts_rank[252->90]
9e631b8b243bbf0a,fundamental_model_slow_ratio_equity_cap_structural_follow_up,fundamental,window,2,56.29,100.0,67.02,9.46,69.92,76.0,12.65,0.0,review,"ts_rank(group_rank(ts_mean(shareholders_equity_total_2/cap, 78), industry), 90)",runs/expression-families/2026-04-23-fundamental-model-slow-ratio-equity-cap-structural-follow-up.md,ts_mean[63->78] | ts_rank[252->90]
a3c13358d480d9cb,fundamental_model_slow_ratio_equity_cap_structural_follow_up,fundamental,window,2,56.29,100.0,67.02,9.46,69.92,76.0,12.65,0.0,review,"ts_rank(group_rank(ts_mean(shareholders_equity_total_2/cap, 84), industry), 90)",runs/expression-families/2026-04-23-fundamental-model-slow-ratio-equity-cap-structural-follow-up.md,ts_mean[63->84] | ts_rank[252->90]
cf771d5ad45f4354,fundamental_model_slow_ratio_equity_cap_structural_follow_up,fundamental,window,2,56.29,100.0,67.02,9.46,69.92,76.0,12.65,0.0,review,"ts_rank(group_rank(ts_mean(shareholders_equity_total_2/cap, 72), industry), 90)",runs/expression-families/2026-04-23-fundamental-model-slow-ratio-equity-cap-structural-follow-up.md,ts_mean[63->72] | ts_rank[252->90]
1ea418c7bd983259,fundamental_model_slow_ratio_equity_cap_structural_follow_up,fundamental,baseline,0,56.27,100.0,60.4,11.65,72.5,76.0,10.38,0.0,review,"ts_rank(group_rank(ts_mean(shareholders_equity_total_2/cap, 63), industry), 252)",runs/expression-families/2026-04-23-fundamental-model-slow-ratio-equity-cap-structural-follow-up.md,
d5541b106a173c59,fundamental_model_slow_ratio_equity_cap_structural_follow_up,fundamental,window,1,56.27,100.0,60.4,11.65,72.5,76.0,10.38,0.0,review,"ts_rank(group_rank(ts_mean(shareholders_equity_total_2/cap, 90), industry), 252)",runs/expression-families/2026-04-23-fundamental-model-slow-ratio-equity-cap-structural-follow-up.md,ts_mean[63->90]
12c59e73c646ab0f,fundamental_model_slow_ratio_equity_cap_structural_follow_up,fundamental,window,1,56.26,100.0,64.08,10.36,71.07,76.0,11.67,0.0,review,"ts_rank(group_rank(ts_mean(shareholders_equity_total_2/cap, 63), industry), 30)",runs/expression-families/2026-04-23-fundamental-model-slow-ratio-equity-cap-structural-follow-up.md,ts_rank[252->30]
cdd527c67803f7ee,fundamental_model_slow_ratio_equity_cap_structural_follow_up,fundamental,window,1,56.26,100.0,64.08,10.36,71.07,76.0,11.67,0.0,review,"ts_rank(group_rank(ts_mean(shareholders_equity_total_2/cap, 63), industry), 10)",runs/expression-families/2026-04-23-fundamental-model-slow-ratio-equity-cap-structural-follow-up.md,ts_rank[252->10]
646a99a460f5fffb,fundamental_model_slow_ratio_equity_cap_structural_follow_up,fundamental,window,2,56.26,100.0,64.08,10.36,71.07,76.0,11.67,0.0,review,"ts_rank(group_rank(ts_mean(shareholders_equity_total_2/cap, 90), industry), 30)",runs/expression-families/2026-04-23-fundamental-model-slow-ratio-equity-cap-structural-follow-up.md,ts_mean[63->90] | ts_rank[252->30]
6f4630a94162d696,fundamental_model_slow_ratio_equity_cap_structural_follow_up,fundamental,window,2,56.26,100.0,64.08,10.36,71.07,76.0,11.67,0.0,review,"ts_rank(group_rank(ts_mean(shareholders_equity_total_2/cap, 20), industry), 20)",runs/expression-families/2026-04-23-fundamental-model-slow-ratio-equity-cap-structural-follow-up.md,ts_mean[63->20] | ts_rank[252->20]
8ff63cbf0e110336,fundamental_model_slow_ratio_equity_cap_structural_follow_up,fundamental,window,2,56.26,100.0,64.08,10.36,71.07,76.0,11.67,0.0,review,"ts_rank(group_rank(ts_mean(shareholders_equity_total_2/cap, 30), industry), 20)",runs/expression-families/2026-04-23-fundamental-model-slow-ratio-equity-cap-structural-follow-up.md,ts_mean[63->30] | ts_rank[252->20]
9faaf7e061611606,fundamental_model_slow_ratio_equity_cap_structural_follow_up,fundamental,window,2,56.26,100.0,64.08,10.36,71.07,76.0,11.67,0.0,review,"ts_rank(group_rank(ts_mean(shareholders_equity_total_2/cap, 10), industry), 20)",runs/expression-families/2026-04-23-fundamental-model-slow-ratio-equity-cap-structural-follow-up.md,ts_mean[63->10] | ts_rank[252->20]
edee1fc23b6897b3,fundamental_model_slow_ratio_equity_cap_structural_follow_up,fundamental,window,2,56.26,100.0,64.08,10.36,71.07,76.0,11.67,0.0,review,"ts_rank(group_rank(ts_mean(shareholders_equity_total_2/cap, 90), industry), 10)",runs/expression-families/2026-04-23-fundamental-model-slow-ratio-equity-cap-structural-follow-up.md,ts_mean[63->90] | ts_rank[252->10]
753db15ea26de7c0,fundamental_model_slow_ratio_equity_cap_structural_follow_up,fundamental,group,1,56.24,100.0,65.35,11.14,70.57,58.0,2.48,0.0,review,"group_rank(shareholders_equity_total_2/cap, subindustry)",runs/expression-families/2026-04-23-fundamental-model-slow-ratio-equity-cap-structural-follow-up.md,group[industry->subindustry]
b3939d4c69fd2ad3,fundamental_model_slow_ratio_equity_cap_structural_follow_up,fundamental,window,2,56.22,100.0,64.84,9.96,70.77,76.0,12.0,0.0,review,"ts_rank(group_rank(ts_mean(shareholders_equity_total_2/cap, 5), industry), 20)",runs/expression-families/2026-04-23-fundamental-model-slow-ratio-equity-cap-structural-follow-up.md,ts_mean[63->5] | ts_rank[252->20]
8aedf3294392508a,fundamental_model_slow_ratio_equity_cap_structural_follow_up,fundamental,window,1,56.19,100.0,61.88,10.86,71.92,76.0,11.01,0.0,review,"ts_rank(group_rank(ts_mean(shareholders_equity_total_2/cap, 63), industry), 5)",runs/expression-families/2026-04-23-fundamental-model-slow-ratio-equity-cap-structural-follow-up.md,ts_rank[252->5]
8cdee05f6db287b2,fundamental_model_slow_ratio_equity_cap_structural_follow_up,fundamental,window,2,56.19,100.0,61.88,10.86,71.92,76.0,11.01,0.0,review,"ts_rank(group_rank(ts_mean(shareholders_equity_total_2/cap, 90), industry), 5)",runs/expression-families/2026-04-23-fundamental-model-slow-ratio-equity-cap-structural-follow-up.md,ts_mean[63->90] | ts_rank[252->5]
09b491706d631847,fundamental_model_slow_ratio_equity_cap_structural_follow_up,fundamental,window,2,56.09,100.0,65.55,9.46,70.5,76.0,12.65,0.0,review,"ts_rank(group_rank(ts_mean(shareholders_equity_total_2/cap, 20), industry), 90)",runs/expression-families/2026-04-23-fundamental-model-slow-ratio-equity-cap-structural-follow-up.md,ts_mean[63->20] | ts_rank[252->90]
6a4f2d9753d95161,fundamental_model_slow_ratio_equity_cap_structural_follow_up,fundamental,window,2,56.09,100.0,65.55,9.46,70.5,76.0,12.65,0.0,review,"ts_rank(group_rank(ts_mean(shareholders_equity_total_2/cap, 30), industry), 90)",runs/expression-families/2026-04-23-fundamental-model-slow-ratio-equity-cap-structural-follow-up.md,ts_mean[63->30] | ts_rank[252->90]
77bacedb147d42d0,fundamental_model_slow_ratio_equity_cap_structural_follow_up,fundamental,window,2,56.09,100.0,65.55,9.46,70.5,76.0,12.65,0.0,review,"ts_rank(group_rank(ts_mean(shareholders_equity_total_2/cap, 10), industry), 90)",runs/expression-families/2026-04-23-fundamental-model-slow-ratio-equity-cap-structural-follow-up.md,ts_mean[63->10] | ts_rank[252->90]
1f7200d1f908eb3a,fundamental_model_slow_ratio_equity_cap_structural_follow_up,fundamental,window,1,56.07,100.0,62.61,10.36,71.64,76.0,11.67,0.0,review,"ts_rank(group_rank(ts_mean(shareholders_equity_total_2/cap, 63), industry), 20)",runs/expression-families/2026-04-23-fundamental-model-slow-ratio-equity-cap-structural-follow-up.md,ts_rank[252->20]
8b850f4494035445,fundamental_model_slow_ratio_equity_cap_structural_follow_up,fundamental,window,2,56.07,100.0,62.61,10.36,71.64,76.0,11.67,0.0,review,"ts_rank(group_rank(ts_mean(shareholders_equity_total_2/cap, 90), industry), 20)",runs/expression-families/2026-04-23-fundamental-model-slow-ratio-equity-cap-structural-follow-up.md,ts_mean[63->90] | ts_rank[252->20]
ee2123be05e31663,fundamental_model_slow_ratio_equity_cap_structural_follow_up,fundamental,window,2,56.05,100.0,66.32,9.05,70.2,76.0,12.98,0.0,review,"ts_rank(group_rank(ts_mean(shareholders_equity_total_2/cap, 5), industry), 90)",runs/expression-families/2026-04-23-fundamental-model-slow-ratio-equity-cap-structural-follow-up.md,ts_mean[63->5] | ts_rank[252->90]
